TIME_UTC_SECONDS;TIME_UTC_STR;AIR_TEMP;TRACK_TEMP;HUMIDITY;PRESSURE;WIND_SPEED;WIND_DIRECTION;RAIN;
1718460074;6/15/2024 2:01:14 PM;18;19.5;57;1002.3;15;191;0;
1718460138;6/15/2024 2:02:18 PM;18.1;19.4;57;1002.2;16;191;0;
1718460198;6/15/2024 2:03:18 PM;18.1;19.3;57;1002.2;16;191;0;
1718460263;6/15/2024 2:04:23 PM;18;19.3;57;1002.2;16;190;0;
1718460328;6/15/2024 2:05:28 PM;17.9;19.1;58;1002.2;17;188;0;
1718460388;6/15/2024 2:06:28 PM;17.9;19.1;57;1002.1;18;188;0;
1718460448;6/15/2024 2:07:28 PM;17.9;19.2;58;1002.2;16;189;0;
1718460508;6/15/2024 2:08:28 PM;17.9;19.2;58;1002.2;17;187;0;
1718460568;6/15/2024 2:09:28 PM;17.9;19.2;58;1002.2;17;186;0;
1718460628;6/15/2024 2:10:28 PM;18;19.2;58;1002.3;16;191;0;
1718460688;6/15/2024 2:11:28 PM;18;19.1;58;1002.2;15;197;0;
1718460748;6/15/2024 2:12:28 PM;18;19.1;57;1002.2;15;199;0;
1718460809;6/15/2024 2:13:29 PM;18;19;58;1002.2;13;203;0;
1718460874;6/15/2024 2:14:34 PM;18;19;58;1002.2;12;208;0;
1718460934;6/15/2024 2:15:34 PM;18;19.1;58;1002.2;13;204;0;
1718460995;6/15/2024 2:16:35 PM;18;19.2;58;1002.2;13;198;0;
1718461084;6/15/2024 2:18:04 PM;18.1;19.2;58;1002.3;13;197;0;
1718461161;6/15/2024 2:19:21 PM;18.1;19.4;58;1002.2;13;193;0;
1718461222;6/15/2024 2:20:22 PM;18.2;19.5;58;1002.2;13;193;0;
1718461284;6/15/2024 2:21:24 PM;18.2;19.5;58;1002.3;14;194;0;
1718461345;6/15/2024 2:22:25 PM;18.1;19.7;59;1002.2;15;190;0;
1718461405;6/15/2024 2:23:25 PM;18.2;19.9;58;1002.3;16;190;0;
1718461470;6/15/2024 2:24:30 PM;18.3;20;58;1002.2;16;189;0;
1718461535;6/15/2024 2:25:35 PM;18.3;20.1;58;1002.3;16;189;0;
1718461595;6/15/2024 2:26:35 PM;18.3;20.3;58;1002.2;16;188;0;
1718461655;6/15/2024 2:27:35 PM;18.3;20.3;58;1002.3;16;189;0;
1718461715;6/15/2024 2:28:35 PM;18.4;20.4;58;1002.2;15;189;0;
1718461780;6/15/2024 2:29:40 PM;18.3;20.6;58;1002.2;15;190;0;
1718461840;6/15/2024 2:30:40 PM;18.4;20.5;58;1002.2;14;192;0;
1718461900;6/15/2024 2:31:40 PM;18.5;20.6;58;1002.3;13;194;0;
1718461960;6/15/2024 2:32:40 PM;18.5;20.5;58;1002.3;12;195;0;
1718462020;6/15/2024 2:33:40 PM;18.5;20.4;57;1002.3;11;195;0;
1718462081;6/15/2024 2:34:41 PM;18.4;20.5;58;1002.2;11;199;0;
1718462167;6/15/2024 2:36:07 PM;18.4;20.2;58;1002.2;12;205;0;
1718462236;6/15/2024 2:37:16 PM;18.3;20.1;59;1002.1;11;208;0;
1718462307;6/15/2024 2:38:27 PM;18.4;20.3;58;1002;13;206;0;
1718462371;6/15/2024 2:39:31 PM;18.4;20.3;57;1002.1;15;201;0;
1718462431;6/15/2024 2:40:31 PM;18.2;20.3;59;1002.2;15;196;0;
1718462496;6/15/2024 2:41:36 PM;18.2;20.3;58;1002.2;16;194;0;
1718462562;6/15/2024 2:42:42 PM;18.2;20.5;58;1002.2;17;192;0;
1718462626;6/15/2024 2:43:46 PM;18.2;20.8;59;1002.2;15;195;0;
1718462689;6/15/2024 2:44:49 PM;18.3;21.1;58;1002.1;14;196;0;
1718462752;6/15/2024 2:45:52 PM;18.4;21.6;58;1002.1;12;197;0;
1718462812;6/15/2024 2:46:52 PM;18.5;22.2;58;1002.1;17;182;0;
1718462872;6/15/2024 2:47:52 PM;18.7;22.5;57;1002.1;16;196;0;
1718462932;6/15/2024 2:48:52 PM;18.8;22.6;57;1002.1;14;191;0;
1718462992;6/15/2024 2:49:52 PM;18.9;22.9;57;1002.1;14;194;0;
1718463052;6/15/2024 2:50:52 PM;18.9;22.8;56;1002.2;14;193;0;
1718463112;6/15/2024 2:51:52 PM;18.9;22.8;56;1002.2;14;193;0;
1718463172;6/15/2024 2:52:52 PM;18.9;22.8;56;1002.1;14;192;0;
1718463232;6/15/2024 2:53:52 PM;18.8;22.5;56;1002.1;15;191;0;
1718463292;6/15/2024 2:54:52 PM;18.7;22.4;57;1002.1;15;189;0;
1718463352;6/15/2024 2:55:52 PM;18.6;22.1;57;1002.1;15;192;0;
1718463413;6/15/2024 2:56:53 PM;18.7;21.9;56;1002.1;14;192;0;
1718463473;6/15/2024 2:57:53 PM;18.6;21.6;57;1002;13;194;0;
1718463533;6/15/2024 2:58:53 PM;18.5;21.6;58;1002.1;13;195;0;
1718463593;6/15/2024 2:59:53 PM;18.5;21.6;58;1002;13;187;0;
1718463653;6/15/2024 3:00:53 PM;18.7;21.7;57;1002;13;183;0;
1718463713;6/15/2024 3:01:53 PM;18.7;21.7;57;1002;14;182;0;
1718463773;6/15/2024 3:02:53 PM;18.6;21.6;57;1002;15;178;0;
1718463833;6/15/2024 3:03:53 PM;18.5;21.5;58;1001.9;16;178;0;
1718463893;6/15/2024 3:04:53 PM;18.5;21.4;58;1002;17;185;0;
1718463953;6/15/2024 3:05:53 PM;18.5;21.3;57;1002.1;18;185;0;
1718464014;6/15/2024 3:06:54 PM;18.4;21.1;58;1002;18;186;0;
1718464074;6/15/2024 3:07:54 PM;18.4;21;58;1002;17;188;0;
1718464134;6/15/2024 3:08:54 PM;18.4;20.6;57;1001.9;16;193;0;
1718464194;6/15/2024 3:09:54 PM;18.3;20.7;58;1002;16;195;0;
1718464254;6/15/2024 3:10:54 PM;18.3;20.6;58;1002;15;195;0;
1718464314;6/15/2024 3:11:54 PM;18.3;20.6;59;1002;14;195;0;
1718464374;6/15/2024 3:12:54 PM;18.3;20.6;59;1002;14;195;0;
1718464434;6/15/2024 3:13:54 PM;18.3;20.4;58;1002;13;192;0;
1718464494;6/15/2024 3:14:54 PM;18.3;20.3;58;1002;12;198;0;
1718464556;6/15/2024 3:15:56 PM;18.3;20;59;1002;10;202;0;
1718464621;6/15/2024 3:17:01 PM;18.3;20.1;58;1001.7;10;206;0;
1718464685;6/15/2024 3:18:05 PM;18.3;20.1;58;1002;9;211;0;
1718464750;6/15/2024 3:19:10 PM;18.3;20.1;58;1002;9;211;0;
1718464810;6/15/2024 3:20:10 PM;18.2;20.1;59;1002;10;206;0;
1718464870;6/15/2024 3:21:10 PM;18.3;20.1;59;1001.9;10;202;0;
1718464930;6/15/2024 3:22:10 PM;18.3;20.1;60;1002;10;198;0;
1718464990;6/15/2024 3:23:10 PM;18.3;20.1;59;1002;10;197;0;
1718465055;6/15/2024 3:24:15 PM;18.3;20.2;60;1002;10;195;0;
1718465115;6/15/2024 3:25:15 PM;18.2;20.2;60;1002;10;193;0;
1718465175;6/15/2024 3:26:15 PM;18.2;20.2;60;1001.9;11;191;0;
1718465235;6/15/2024 3:27:15 PM;18.1;20.2;60;1002.1;12;189;0;
1718465296;6/15/2024 3:28:16 PM;18;20.2;60;1002.1;13;188;0;
1718465356;6/15/2024 3:29:16 PM;18;20.1;61;1002;13;188;0;
1718465416;6/15/2024 3:30:16 PM;18;20;61;1001.9;14;187;0;
1718465476;6/15/2024 3:31:16 PM;17.9;19.9;60;1002;14;189;0;
1718465541;6/15/2024 3:32:21 PM;17.9;19.8;60;1002.1;15;190;0;
1718465601;6/15/2024 3:33:21 PM;17.8;19.8;61;1002;15;190;0;
1718465666;6/15/2024 3:34:26 PM;17.8;19.6;61;1002.2;16;189;0;
1718465726;6/15/2024 3:35:26 PM;17.8;19.5;61;1002;16;189;0;
1718465786;6/15/2024 3:36:26 PM;17.7;19.4;61;1002;15;189;0;
1718465846;6/15/2024 3:37:26 PM;17.7;19.5;61;1002.1;15;190;0;
1718465906;6/15/2024 3:38:26 PM;17.7;19.3;61;1002.1;15;188;0;
1718465967;6/15/2024 3:39:27 PM;17.6;19.3;61;1002.2;16;188;0;
1718466027;6/15/2024 3:40:27 PM;17.6;19.2;62;1002.2;16;189;0;
1718466087;6/15/2024 3:41:27 PM;17.5;19.1;63;1002.3;16;189;0;
1718466147;6/15/2024 3:42:27 PM;17.5;19;63;1002.4;16;188;0;
1718466212;6/15/2024 3:43:32 PM;17.4;18.8;64;1002.4;14;196;0;
1718466272;6/15/2024 3:44:32 PM;17.1;18.5;68;1002.4;11;200;0;
1718466332;6/15/2024 3:45:32 PM;17;18.4;69;1002.5;10;205;0;
1718466392;6/15/2024 3:46:32 PM;16.8;17.9;70;1002.5;10;211;0;
1718466452;6/15/2024 3:47:32 PM;16.7;17.8;69;1002.5;10;212;0;
1718466513;6/15/2024 3:48:33 PM;16.4;17.7;69;1002.5;11;212;0;
1718466573;6/15/2024 3:49:33 PM;16.2;17.7;70;1002.5;12;223;0;
1718466633;6/15/2024 3:50:33 PM;16;17.5;71;1002.5;12;234;0;
1718466693;6/15/2024 3:51:33 PM;15.9;17.3;71;1002.6;12;229;0;
1718466753;6/15/2024 3:52:33 PM;15.8;17.2;71;1002.5;12;233;0;
1718466813;6/15/2024 3:53:33 PM;15.7;17.1;71;1002.6;11;232;0;
1718466873;6/15/2024 3:54:33 PM;15.6;17.3;72;1002.5;11;225;0;
1718466933;6/15/2024 3:55:33 PM;15.6;17.4;72;1002.5;11;212;0;
1718466993;6/15/2024 3:56:33 PM;15.6;17.5;72;1002.5;11;212;0;
1718467053;6/15/2024 3:57:33 PM;15.7;17.6;72;1002.6;11;206;0;
1718467113;6/15/2024 3:58:33 PM;15.7;17.8;71;1002.5;12;204;0;
1718467174;6/15/2024 3:59:34 PM;15.7;17.8;70;1002.6;12;202;0;
1718467234;6/15/2024 4:00:34 PM;15.6;17.9;71;1002.4;13;199;0;
1718467294;6/15/2024 4:01:34 PM;15.7;18.3;71;1002.4;14;196;0;
1718467358;6/15/2024 4:02:38 PM;15.7;18.6;71;1002.3;15;193;0;
1718467419;6/15/2024 4:03:39 PM;15.9;18.8;70;1002.3;15;191;0;
1718467487;6/15/2024 4:04:47 PM;16;19.1;69;1002.4;16;189;0;
1718467549;6/15/2024 4:05:49 PM;16.1;19.4;69;1002.3;15;187;0;
1718467611;6/15/2024 4:06:51 PM;16.2;19.6;68;1002.3;15;188;0;
1718467674;6/15/2024 4:07:54 PM;16.3;19.7;68;1002.3;15;188;0;
1718467740;6/15/2024 4:09:00 PM;16.3;19.8;68;1002.2;14;189;0;
1718467805;6/15/2024 4:10:05 PM;16.4;20;67;1002.3;13;192;0;
1718467870;6/15/2024 4:11:10 PM;16.5;20.1;67;1002.2;12;192;0;
1718467930;6/15/2024 4:12:10 PM;16.6;20.1;67;1002.3;13;191;0;
1718467990;6/15/2024 4:13:10 PM;16.6;20.1;66;1002.3;13;191;0;
1718468050;6/15/2024 4:14:10 PM;16.7;20;65;1002.2;14;190;0;
1718468110;6/15/2024 4:15:10 PM;16.6;19.9;65;1002.2;15;190;0;
1718468175;6/15/2024 4:16:15 PM;16.6;19.9;65;1002.3;15;190;0;
1718468235;6/15/2024 4:17:15 PM;16.5;19.7;63;1002.3;16;189;0;
1718468295;6/15/2024 4:18:15 PM;16.6;19.6;64;1002.3;15;191;0;
1718468355;6/15/2024 4:19:15 PM;16.6;19.5;63;1002.3;14;192;0;
1718468415;6/15/2024 4:20:15 PM;16.7;19.4;63;1002.3;14;190;0;
1718468481;6/15/2024 4:21:21 PM;16.7;19.5;63;1002.3;14;192;0;
1718468541;6/15/2024 4:22:21 PM;16.7;19.5;63;1002.3;13;193;0;
1718468601;6/15/2024 4:23:21 PM;16.7;19.3;63;1002.3;14;191;0;
1718468661;6/15/2024 4:24:21 PM;16.7;19.1;63;1002.4;14;197;0;
1718468721;6/15/2024 4:25:21 PM;16.7;19.1;63;1002.4;13;204;0;
1718468781;6/15/2024 4:26:21 PM;16.7;18.7;62;1002.4;13;205;0;
1718468846;6/15/2024 4:27:26 PM;16.6;18.9;63;1002.4;11;206;0;
1718468906;6/15/2024 4:28:26 PM;16.7;18.7;63;1002.4;10;211;0;
1718468966;6/15/2024 4:29:26 PM;16.7;18.9;63;1002.4;11;207;0;
1718469026;6/15/2024 4:30:26 PM;16.7;18.7;63;1002.6;11;203;0;
1718469086;6/15/2024 4:31:26 PM;16.6;18.7;64;1002.5;12;202;0;
1718469146;6/15/2024 4:32:26 PM;16.5;18.6;65;1002.5;13;201;0;
1718469207;6/15/2024 4:33:27 PM;16.4;18.5;65;1002.6;14;196;0;
1718469267;6/15/2024 4:34:27 PM;16.3;18.4;65;1002.5;14;198;0;
1718469327;6/15/2024 4:35:27 PM;16.3;18.2;65;1002.5;14;202;0;
1718469387;6/15/2024 4:36:27 PM;16.3;18.1;65;1002.5;12;209;0;
1718469447;6/15/2024 4:37:27 PM;16.3;18.1;65;1002.4;12;217;0;
1718469507;6/15/2024 4:38:27 PM;16.3;18.2;65;1002.4;11;226;0;
1718469567;6/15/2024 4:39:27 PM;16.3;18.3;65;1002.3;11;227;0;
1718469627;6/15/2024 4:40:27 PM;16.4;18.4;64;1002.3;10;221;0;
1718469687;6/15/2024 4:41:27 PM;16.4;18.5;64;1002.3;11;212;0;
1718469747;6/15/2024 4:42:27 PM;16.5;18.8;64;1002.3;10;205;0;
1718469807;6/15/2024 4:43:27 PM;16.5;18.8;64;1002.3;10;197;0;
1718469868;6/15/2024 4:44:28 PM;16.5;18.6;64;1002.3;11;200;0;
1718469928;6/15/2024 4:45:28 PM;16.5;18.7;64;1002.2;10;203;0;
1718469988;6/15/2024 4:46:28 PM;16.6;19;64;1002.2;10;205;0;
1718470048;6/15/2024 4:47:28 PM;16.6;19.1;64;1002.3;10;206;0;
1718470108;6/15/2024 4:48:28 PM;16.6;19.1;64;1002.3;11;209;0;
1718470168;6/15/2024 4:49:28 PM;16.7;19.1;64;1002.2;10;200;0;
1718470228;6/15/2024 4:50:28 PM;16.7;19.3;64;1002.2;10;198;0;
1718470288;6/15/2024 4:51:28 PM;16.7;19.5;64;1002.2;10;195;0;
1718470348;6/15/2024 4:52:28 PM;16.8;19.7;64;1002.2;10;192;0;
1718470408;6/15/2024 4:53:28 PM;16.8;19.9;64;1002.2;12;187;0;
1718470469;6/15/2024 4:54:29 PM;16.9;20.2;64;1002.2;12;187;0;
1718470529;6/15/2024 4:55:29 PM;17;20.3;64;1002.2;12;188;0;
1718470589;6/15/2024 4:56:29 PM;17.1;20.5;64;1002.2;12;187;0;
1718470649;6/15/2024 4:57:29 PM;17.2;20.8;64;1002.2;12;186;0;
1718470709;6/15/2024 4:58:29 PM;17.3;21.2;64;1002.2;12;187;0;
1718470769;6/15/2024 4:59:29 PM;17.3;21.2;64;1002.2;12;189;0;
1718470829;6/15/2024 5:00:29 PM;17.3;21.3;63;1002.2;13;187;0;
1718470889;6/15/2024 5:01:29 PM;17.2;21.4;64;1002.2;14;187;0;
1718470949;6/15/2024 5:02:29 PM;17.1;21.7;64;1002.3;15;188;0;
1718471009;6/15/2024 5:03:29 PM;17.2;21.6;65;1002.3;14;191;0;
1718471070;6/15/2024 5:04:30 PM;17.2;21.6;64;1002.2;15;189;0;
1718471142;6/15/2024 5:05:42 PM;17.1;21.5;64;1002.2;16;189;0;
1718471205;6/15/2024 5:06:45 PM;17.1;21.3;65;1002.3;16;190;0;
1718471265;6/15/2024 5:07:45 PM;17;21.1;66;1002.4;16;190;0;
1718471325;6/15/2024 5:08:45 PM;17;20.5;65;1002.3;15;192;0;
1718471385;6/15/2024 5:09:45 PM;17;20.5;65;1002.3;14;195;0;
1718471450;6/15/2024 5:10:50 PM;17;20.4;66;1002.5;12;198;0;
1718471510;6/15/2024 5:11:50 PM;16.9;20.1;65;1002.3;12;200;0;
1718471570;6/15/2024 5:12:50 PM;16.8;20;66;1002.3;12;202;0;
1718471630;6/15/2024 5:13:50 PM;16.8;19.8;66;1002.3;14;197;0;
1718471690;6/15/2024 5:14:50 PM;16.7;19.5;66;1002.4;15;198;0;
1718471757;6/15/2024 5:15:57 PM;16.7;19.1;66;1002.3;15;202;0;
1718471821;6/15/2024 5:17:01 PM;16.7;19.2;66;1002.3;14;199;0;
1718471886;6/15/2024 5:18:06 PM;16.7;19.3;67;1002.3;12;200;0;
1718471946;6/15/2024 5:19:06 PM;16.7;19.2;68;1002.3;12;198;0;
1718472006;6/15/2024 5:20:06 PM;16.6;19.2;69;1002.3;12;194;0;
1718472066;6/15/2024 5:21:06 PM;16.5;19;68;1002.3;11;195;0;
1718472126;6/15/2024 5:22:06 PM;16.5;19;68;1002.3;11;194;0;
1718472186;6/15/2024 5:23:06 PM;16.5;18.9;68;1002.2;10;200;0;
1718472246;6/15/2024 5:24:06 PM;16.5;19;67;1002.2;10;206;0;
1718472306;6/15/2024 5:25:06 PM;16.5;19;67;1002.3;10;206;0;
1718472367;6/15/2024 5:26:07 PM;16.5;19.3;67;1002.3;10;207;0;
1718472432;6/15/2024 5:27:12 PM;16.6;19.8;67;1002.2;10;206;0;
1718472492;6/15/2024 5:28:12 PM;16.6;20;66;1002.3;12;200;0;
1718472552;6/15/2024 5:29:12 PM;16.7;20.3;66;1002.4;13;194;0;
1718472612;6/15/2024 5:30:12 PM;16.7;20.2;66;1002.3;14;191;0;
1718472672;6/15/2024 5:31:12 PM;16.7;20.4;65;1002.3;15;191;0;
1718472732;6/15/2024 5:32:12 PM;16.7;20.5;66;1002.3;15;191;0;
1718472792;6/15/2024 5:33:12 PM;16.8;20.7;66;1002.3;14;193;0;
1718472852;6/15/2024 5:34:12 PM;16.8;21;66;1002.3;13;194;0;
1718472912;6/15/2024 5:35:12 PM;16.9;21.3;65;1002.3;11;194;0;
1718472972;6/15/2024 5:36:12 PM;16.9;21.3;65;1002.3;12;196;0;
1718473033;6/15/2024 5:37:13 PM;16.9;21.5;65;1002.3;12;194;0;
1718473093;6/15/2024 5:38:13 PM;17;21.6;65;1002.3;11;195;0;
1718473153;6/15/2024 5:39:13 PM;17;21.6;64;1002.4;11;200;0;
1718473213;6/15/2024 5:40:13 PM;17;21.8;64;1002.3;12;201;0;
1718473273;6/15/2024 5:41:13 PM;17;21.9;65;1002.3;11;199;0;
1718473333;6/15/2024 5:42:13 PM;17.1;22;65;1002.3;10;197;0;
1718473393;6/15/2024 5:43:13 PM;17.1;22.2;64;1002.3;11;193;0;
1718473458;6/15/2024 5:44:18 PM;17.2;22.1;64;1002.3;11;189;0;
1718473518;6/15/2024 5:45:18 PM;17.2;22.1;64;1002.3;11;188;0;
1718473578;6/15/2024 5:46:18 PM;17.2;22;64;1002.4;12;190;0;
1718473639;6/15/2024 5:47:19 PM;17.2;22;64;1002.3;13;191;0;
1718473699;6/15/2024 5:48:19 PM;17.1;21.8;64;1002.3;13;193;0;
1718473764;6/15/2024 5:49:24 PM;17.1;21.7;64;1002.4;14;191;0;
1718473824;6/15/2024 5:50:24 PM;17.1;21.7;64;1002.4;13;189;0;
1718473884;6/15/2024 5:51:24 PM;17.1;21.8;65;1002.4;13;188;0;
1718473944;6/15/2024 5:52:24 PM;17.2;21.9;64;1002.4;12;189;0;
1718474004;6/15/2024 5:53:24 PM;17.2;22;64;1002.4;11;187;0;
1718474064;6/15/2024 5:54:24 PM;17.3;22;64;1002.3;10;189;0;
1718474124;6/15/2024 5:55:24 PM;17.3;21.7;64;1002.3;11;194;0;
1718474184;6/15/2024 5:56:24 PM;17.3;21.9;64;1002.3;11;197;0;
1718474244;6/15/2024 5:57:24 PM;17.3;22;64;1002.4;11;201;0;
1718474304;6/15/2024 5:58:24 PM;17.4;22.2;64;1002.3;12;202;0;
1718474365;6/15/2024 5:59:25 PM;17.4;22.2;64;1002.3;11;200;0;
1718474425;6/15/2024 6:00:25 PM;17.4;22.1;64;1002.2;12;197;0;
1718474485;6/15/2024 6:01:25 PM;17.4;21.9;64;1002.3;12;193;0;
1718474545;6/15/2024 6:02:25 PM;17.4;21.7;64;1002.2;13;191;0;
1718474605;6/15/2024 6:03:25 PM;17.4;21.6;64;1002.4;12;192;0;
1718474665;6/15/2024 6:04:25 PM;17.3;21.2;63;1002.4;13;193;0;
1718474725;6/15/2024 6:05:25 PM;17.3;21.1;63;1002.4;13;192;0;
1718474785;6/15/2024 6:06:25 PM;17.2;20.9;62;1002.4;15;192;0;
1718474845;6/15/2024 6:07:25 PM;17.2;20.5;63;1002.3;14;196;0;
1718474905;6/15/2024 6:08:25 PM;17.2;20.4;63;1002.4;13;191;0;
1718474965;6/15/2024 6:09:25 PM;17.2;20.5;63;1002.3;12;189;0;
1718475026;6/15/2024 6:10:26 PM;17.2;20.4;63;1002.3;12;188;0;
1718475086;6/15/2024 6:11:26 PM;17.2;20.3;64;1002.3;10;187;0;
1718475146;6/15/2024 6:12:26 PM;17.1;20.2;64;1002.3;10;186;0;
1718475206;6/15/2024 6:13:26 PM;17.1;20.2;64;1002.3;11;191;0;
1718475266;6/15/2024 6:14:26 PM;17.2;20.3;64;1002.4;10;193;0;
1718475326;6/15/2024 6:15:26 PM;17.1;20.1;64;1002.3;10;195;0;
1718475386;6/15/2024 6:16:26 PM;17.1;20.1;64;1002.4;10;199;0;
1718475446;6/15/2024 6:17:26 PM;17.1;20;64;1002.3;10;195;0;
1718475506;6/15/2024 6:18:26 PM;17.1;19.9;64;1002.3;11;194;0;
1718475567;6/15/2024 6:19:27 PM;17.1;19.9;64;1002.3;11;194;0;
1718475632;6/15/2024 6:20:32 PM;17.1;19.9;65;1002.4;11;194;0;
1718475692;6/15/2024 6:21:32 PM;17;19.7;65;1002.4;12;197;0;
1718475752;6/15/2024 6:22:32 PM;17;19.4;65;1002.3;12;203;0;
1718475812;6/15/2024 6:23:32 PM;17;19.6;64;1002.3;13;204;0;
1718475872;6/15/2024 6:24:32 PM;16.9;19.9;65;1002.3;14;203;0;
1718475932;6/15/2024 6:25:32 PM;16.9;19.9;65;1002.3;13;200;0;
1718475992;6/15/2024 6:26:32 PM;16.8;19.9;65;1002.2;13;197;0;
1718476052;6/15/2024 6:27:32 PM;16.8;19.9;65;1002.3;14;192;0;
1718476117;6/15/2024 6:28:37 PM;16.7;19.8;65;1002.3;13;194;0;
1718476177;6/15/2024 6:29:37 PM;16.7;19.7;65;1002.3;13;195;0;
1718476242;6/15/2024 6:30:42 PM;16.7;19.5;65;1002.2;14;197;0;
1718476303;6/15/2024 6:31:43 PM;16.7;19.1;65;1002.3;13;204;0;
1718476363;6/15/2024 6:32:43 PM;16.7;19.1;66;1002.3;13;210;0;
1718476423;6/15/2024 6:33:43 PM;16.6;19.2;66;1002.4;12;212;0;
1718476483;6/15/2024 6:34:43 PM;16.7;19.3;66;1002.4;10;212;0;
1718476543;6/15/2024 6:35:43 PM;16.7;19.4;66;1002.4;10;212;0;
1718476603;6/15/2024 6:36:43 PM;16.6;19.4;66;1002.4;10;204;0;
1718476663;6/15/2024 6:37:43 PM;16.6;19.3;66;1002.4;10;196;0;
1718476723;6/15/2024 6:38:43 PM;16.6;19.4;66;1002.4;12;191;0;
1718476783;6/15/2024 6:39:43 PM;16.5;19.3;66;1002.4;14;189;0;
1718476843;6/15/2024 6:40:43 PM;16.4;19.3;66;1002.5;14;186;0;
1718476920;6/15/2024 6:42:00 PM;16.4;19.2;66;1002.5;15;186;0;
1718476984;6/15/2024 6:43:04 PM;16.4;19.2;66;1002.5;15;188;0;
1718477044;6/15/2024 6:44:04 PM;16.3;19.3;66;1002.6;15;191;0;
1718477104;6/15/2024 6:45:04 PM;16.3;19.6;67;1002.4;14;192;0;
1718477164;6/15/2024 6:46:04 PM;16.3;19.7;67;1002.4;14;192;0;
1718477224;6/15/2024 6:47:04 PM;16.3;19.9;67;1002.4;14;191;0;
1718477284;6/15/2024 6:48:04 PM;16.3;20;67;1002.3;14;190;0;
1718477344;6/15/2024 6:49:04 PM;16.3;20.1;67;1002.4;14;190;0;
1718477404;6/15/2024 6:50:04 PM;16.3;20.1;67;1002.4;14;190;0;
1718477464;6/15/2024 6:51:04 PM;16.3;20.1;67;1002.4;12;190;0;
1718477530;6/15/2024 6:52:10 PM;16.3;20.1;67;1002.4;11;191;0;
1718477590;6/15/2024 6:53:10 PM;16.3;20.2;67;1002.4;11;191;0;
1718477650;6/15/2024 6:54:10 PM;16.3;20;67;1002.3;11;190;0;
1718477715;6/15/2024 6:55:15 PM;16.2;20;67;1002.4;13;189;0;
1718477780;6/15/2024 6:56:20 PM;16.2;19.9;68;1002.4;13;189;0;
1718477840;6/15/2024 6:57:20 PM;16.2;19.8;68;1002.4;14;189;0;
1718477900;6/15/2024 6:58:20 PM;16.1;19.7;68;1002.4;14;191;0;
1718477960;6/15/2024 6:59:20 PM;16.1;19.7;68;1002.4;13;192;0;
1718478020;6/15/2024 7:00:20 PM;16.1;19.6;69;1002.4;13;191;0;
1718478080;6/15/2024 7:01:20 PM;16.1;19.6;68;1002.4;13;192;0;
1718478140;6/15/2024 7:02:20 PM;16.1;19.6;68;1002.4;12;192;0;
1718478201;6/15/2024 7:03:21 PM;16;19.4;69;1002.4;13;190;0;
1718478261;6/15/2024 7:04:21 PM;15.9;19.4;69;1002.4;13;190;0;
1718478321;6/15/2024 7:05:21 PM;15.9;19.2;69;1002.5;12;190;0;
1718478386;6/15/2024 7:06:26 PM;15.9;19.1;69;1002.4;13;189;0;
1718478446;6/15/2024 7:07:26 PM;15.9;19.1;69;1002.4;13;189;0;
1718478506;6/15/2024 7:08:26 PM;15.9;19;69;1002.4;12;189;0;
1718478566;6/15/2024 7:09:26 PM;15.9;18.9;70;1002.4;12;189;0;
1718478626;6/15/2024 7:10:26 PM;15.9;18.8;70;1002.4;12;191;0;
1718478686;6/15/2024 7:11:26 PM;15.8;18.8;70;1002.4;12;191;0;
1718478746;6/15/2024 7:12:26 PM;15.8;18.8;70;1002.4;11;191;0;
1718478806;6/15/2024 7:13:26 PM;15.8;18.7;70;1002.4;12;189;0;
1718478866;6/15/2024 7:14:26 PM;15.8;18.8;70;1002.5;13;188;0;
1718478927;6/15/2024 7:15:27 PM;15.8;18.7;70;1002.4;14;186;0;
1718478987;6/15/2024 7:16:27 PM;15.7;18.6;70;1002.5;14;186;0;
1718479047;6/15/2024 7:17:27 PM;15.7;18.5;70;1002.4;15;186;0;
1718479107;6/15/2024 7:18:27 PM;15.7;18.5;70;1002.4;15;187;0;
1718479167;6/15/2024 7:19:27 PM;15.7;18.5;71;1002.4;15;187;0;
1718479227;6/15/2024 7:20:27 PM;15.7;18.5;71;1002.4;15;187;0;
1718479287;6/15/2024 7:21:27 PM;15.7;18.5;71;1002.4;14;188;0;
1718479347;6/15/2024 7:22:27 PM;15.7;18.4;71;1002.4;14;187;0;
1718479407;6/15/2024 7:23:27 PM;15.6;18.4;71;1002.4;14;187;0;
1718479467;6/15/2024 7:24:27 PM;15.6;18.3;71;1002.5;14;188;0;
1718479528;6/15/2024 7:25:28 PM;15.6;18.3;71;1002.4;13;188;0;
1718479588;6/15/2024 7:26:28 PM;15.6;18.3;72;1002.4;13;189;0;
1718479648;6/15/2024 7:27:28 PM;15.6;18.3;72;1002.4;12;190;0;
1718479708;6/15/2024 7:28:28 PM;15.6;18.3;71;1002.4;12;191;0;
1718479768;6/15/2024 7:29:28 PM;15.6;18.2;71;1002.4;12;191;0;
1718479828;6/15/2024 7:30:28 PM;15.6;18.2;72;1002.5;11;191;0;
1718479888;6/15/2024 7:31:28 PM;15.6;18.2;72;1002.5;12;191;0;
1718479948;6/15/2024 7:32:28 PM;15.6;18.2;72;1002.4;12;190;0;
1718480008;6/15/2024 7:33:28 PM;15.6;18.1;72;1002.4;12;188;0;
1718480068;6/15/2024 7:34:28 PM;15.6;18.1;72;1002.4;12;188;0;
1718480128;6/15/2024 7:35:28 PM;15.6;18.1;72;1002.4;12;187;0;
1718480189;6/15/2024 7:36:29 PM;15.6;18.1;72;1002.5;12;185;0;
1718480249;6/15/2024 7:37:29 PM;15.6;18;72;1002.4;11;186;0;
1718480309;6/15/2024 7:38:29 PM;15.6;18.1;72;1002.5;11;187;0;
1718480369;6/15/2024 7:39:29 PM;15.6;18;72;1002.5;11;187;0;
1718480429;6/15/2024 7:40:29 PM;15.6;18;72;1002.5;11;189;0;
1718480489;6/15/2024 7:41:29 PM;15.6;18;72;1002.5;12;190;0;
1718480549;6/15/2024 7:42:29 PM;15.5;18;72;1002.5;12;188;0;
1718480609;6/15/2024 7:43:29 PM;15.5;17.9;72;1002.5;13;187;0;
1718480669;6/15/2024 7:44:29 PM;15.5;17.8;73;1002.5;13;188;0;
1718480729;6/15/2024 7:45:29 PM;15.5;17.9;73;1002.5;13;186;0;
1718480789;6/15/2024 7:46:29 PM;15.5;17.8;73;1002.5;13;185;0;
1718480850;6/15/2024 7:47:30 PM;15.5;17.8;73;1002.5;12;184;0;
1718480915;6/15/2024 7:48:35 PM;15.5;17.8;73;1002.5;12;184;0;
1718480980;6/15/2024 7:49:40 PM;15.4;17.8;73;1002.5;12;182;0;
1718481040;6/15/2024 7:50:40 PM;15.4;17.8;73;1002.5;13;182;0;
1718481100;6/15/2024 7:51:40 PM;15.3;17.8;74;1002.5;12;181;0;
1718481160;6/15/2024 7:52:40 PM;15.3;17.8;74;1002.5;12;178;0;
1718481220;6/15/2024 7:53:40 PM;15.3;17.8;74;1002.5;12;178;0;
1718481280;6/15/2024 7:54:40 PM;15.3;17.7;74;1002.6;12;178;0;
1718481341;6/15/2024 7:55:41 PM;15.2;17.7;75;1002.6;13;178;0;
1718481405;6/15/2024 7:56:45 PM;15.1;17.7;76;1002.7;14;181;0;
1718481465;6/15/2024 7:57:45 PM;15.1;17.7;77;1002.7;14;183;0;
1718481526;6/15/2024 7:58:46 PM;15;17.6;78;1002.7;15;186;0;
1718481596;6/15/2024 7:59:56 PM;14.8;17.5;79;1002.6;15;187;0;
1718481658;6/15/2024 8:00:58 PM;14.7;17.4;80;1002.7;14;187;0;
1718481723;6/15/2024 8:02:03 PM;14.5;17.3;82;1002.7;14;188;0;
1718481784;6/15/2024 8:03:04 PM;14.4;17.2;83;1002.7;13;188;0;
1718481846;6/15/2024 8:04:06 PM;14.3;17.2;83;1002.8;12;189;0;
1718481906;6/15/2024 8:05:06 PM;14.2;17.2;84;1002.8;12;191;0;
1718481966;6/15/2024 8:06:06 PM;14.2;17.2;85;1002.8;11;188;0;
1718482026;6/15/2024 8:07:06 PM;14.1;17.1;85;1002.8;10;189;0;
1718482092;6/15/2024 8:08:12 PM;14.1;17.1;85;1002.7;10;189;0;
1718482152;6/15/2024 8:09:12 PM;14.1;17;85;1002.7;10;188;0;
1718482212;6/15/2024 8:10:12 PM;14;17.1;85;1002.8;9;185;0;
1718482272;6/15/2024 8:11:12 PM;14;17;84;1002.7;10;185;0;
1718482332;6/15/2024 8:12:12 PM;14;16.9;85;1002.8;11;186;0;
1718482392;6/15/2024 8:13:12 PM;13.9;16.9;85;1002.8;11;185;0;
1718482452;6/15/2024 8:14:12 PM;13.9;16.9;85;1002.8;11;185;0;
1718482512;6/15/2024 8:15:12 PM;13.9;16.8;85;1002.8;11;185;0;
1718482577;6/15/2024 8:16:17 PM;13.9;16.8;85;1002.8;11;185;0;
1718482637;6/15/2024 8:17:17 PM;13.9;16.8;85;1002.8;10;183;0;
1718482698;6/15/2024 8:18:18 PM;13.9;16.8;85;1002.8;11;183;0;
1718482758;6/15/2024 8:19:18 PM;13.9;16.7;84;1002.8;12;182;0;
1718482818;6/15/2024 8:20:18 PM;13.9;16.7;84;1002.8;11;184;0;
1718482878;6/15/2024 8:21:18 PM;13.9;16.7;85;1002.9;12;184;0;
1718482938;6/15/2024 8:22:18 PM;14;16.7;84;1002.9;12;185;0;
1718482998;6/15/2024 8:23:18 PM;14;16.6;84;1002.9;12;185;0;
1718483058;6/15/2024 8:24:18 PM;14;16.6;85;1002.9;11;185;0;
1718483118;6/15/2024 8:25:18 PM;14;16.6;84;1002.9;11;184;0;
1718483178;6/15/2024 8:26:18 PM;14;16.6;84;1002.9;10;185;0;
1718483238;6/15/2024 8:27:18 PM;14;16.6;84;1002.9;10;186;0;
1718483298;6/15/2024 8:28:18 PM;14;16.5;84;1002.9;9;185;0;
1718483359;6/15/2024 8:29:19 PM;14;16.6;84;1002.9;9;185;0;
1718483419;6/15/2024 8:30:19 PM;14;16.5;84;1002.9;9;186;0;
1718483479;6/15/2024 8:31:19 PM;14;16.5;84;1002.9;9;187;0;
1718483539;6/15/2024 8:32:19 PM;14;16.5;84;1002.9;9;185;0;
1718483599;6/15/2024 8:33:19 PM;14;16.5;84;1002.9;10;186;0;
1718483659;6/15/2024 8:34:19 PM;14;16.5;84;1002.9;9;186;0;
1718483719;6/15/2024 8:35:19 PM;14;16.5;84;1003;9;186;0;
1718483779;6/15/2024 8:36:19 PM;14;16.5;84;1003;9;185;0;
1718483839;6/15/2024 8:37:19 PM;14;16.5;84;1003;9;185;0;
1718483899;6/15/2024 8:38:19 PM;14.1;16.5;84;1003;8;183;0;
1718483959;6/15/2024 8:39:19 PM;14;16.4;83;1003;8;181;0;
1718484020;6/15/2024 8:40:20 PM;14;16.4;83;1003;9;179;0;
1718484080;6/15/2024 8:41:20 PM;14;16.4;84;1003.1;9;178;0;
1718484140;6/15/2024 8:42:20 PM;14;16.4;84;1003.1;9;179;0;
1718484200;6/15/2024 8:43:20 PM;13.9;16.4;84;1003.1;9;181;0;
1718484260;6/15/2024 8:44:20 PM;13.9;16.4;84;1003.1;9;180;0;
1718484320;6/15/2024 8:45:20 PM;13.9;16.4;84;1003.1;9;180;0;
1718484380;6/15/2024 8:46:20 PM;13.9;16.4;84;1003.1;9;181;0;
1718484440;6/15/2024 8:47:20 PM;13.9;16.4;84;1003.2;8;183;0;
1718484500;6/15/2024 8:48:20 PM;13.9;16.4;84;1003.1;9;183;0;
1718484560;6/15/2024 8:49:20 PM;13.9;16.4;84;1003.1;9;186;0;
1718484621;6/15/2024 8:50:21 PM;13.9;16.3;84;1003.1;9;187;0;
1718484681;6/15/2024 8:51:21 PM;13.8;16.4;84;1003.1;10;186;0;
1718484741;6/15/2024 8:52:21 PM;13.8;16.3;83;1003.1;10;184;0;
1718484806;6/15/2024 8:53:26 PM;13.9;16.3;83;1003.1;10;184;0;
1718484866;6/15/2024 8:54:26 PM;13.9;16.3;84;1003.1;10;184;0;
1718484926;6/15/2024 8:55:26 PM;13.9;16.3;83;1003.1;10;186;0;
1718484986;6/15/2024 8:56:26 PM;13.9;16.3;83;1003.1;11;186;0;
1718485046;6/15/2024 8:57:26 PM;13.9;16.3;83;1003.2;10;186;0;
1718485106;6/15/2024 8:58:26 PM;13.9;16.2;83;1003.1;10;187;0;
1718485166;6/15/2024 8:59:26 PM;13.9;16.3;83;1003.1;11;187;0;
1718485226;6/15/2024 9:00:26 PM;13.9;16.3;83;1003.1;10;187;0;
1718485286;6/15/2024 9:01:26 PM;13.9;16.3;83;1003.1;10;188;0;
1718485346;6/15/2024 9:02:26 PM;13.9;16.3;83;1003.1;10;188;0;
1718485407;6/15/2024 9:03:27 PM;13.9;16.2;83;1003.1;11;188;0;
1718485467;6/15/2024 9:04:27 PM;13.9;16.2;83;1003.1;10;188;0;
1718485527;6/15/2024 9:05:27 PM;13.9;16.1;83;1003.1;11;189;0;
1718485587;6/15/2024 9:06:27 PM;13.8;16.1;84;1003.1;10;189;0;
1718485647;6/15/2024 9:07:27 PM;13.8;16.2;84;1003.1;10;188;0;
1718485707;6/15/2024 9:08:27 PM;13.8;16.2;84;1003.1;11;187;0;
1718485767;6/15/2024 9:09:27 PM;13.8;16.2;84;1003.1;11;186;0;
1718485827;6/15/2024 9:10:27 PM;13.8;16.2;84;1003.1;11;186;0;
1718485887;6/15/2024 9:11:27 PM;13.8;16.2;84;1003.1;11;186;0;
1718485947;6/15/2024 9:12:27 PM;13.8;16.2;84;1003.1;11;186;0;
1718486008;6/15/2024 9:13:28 PM;13.8;16.2;83;1003.1;10;183;0;
1718486068;6/15/2024 9:14:28 PM;13.8;16.2;84;1003.1;10;182;0;
1718486128;6/15/2024 9:15:28 PM;13.8;16.2;83;1003.1;10;183;0;
1718486188;6/15/2024 9:16:28 PM;13.8;16.2;83;1003.1;10;185;0;
1718486248;6/15/2024 9:17:28 PM;13.8;16.2;84;1003.1;10;187;0;
1718486308;6/15/2024 9:18:28 PM;13.8;16.2;83;1003.1;11;187;0;
1718486368;6/15/2024 9:19:28 PM;13.9;16.2;83;1003.1;11;188;0;
1718486428;6/15/2024 9:20:28 PM;13.8;16.2;83;1003.2;11;188;0;
1718486488;6/15/2024 9:21:28 PM;13.8;16.1;83;1003.2;11;188;0;
1718486548;6/15/2024 9:22:28 PM;13.8;16.1;83;1003.2;11;188;0;
1718486608;6/15/2024 9:23:28 PM;13.8;16.1;83;1003.2;12;187;0;
1718486669;6/15/2024 9:24:29 PM;13.8;16.1;84;1003.2;13;188;0;
1718486729;6/15/2024 9:25:29 PM;13.8;16.1;83;1003.2;13;188;0;
1718486789;6/15/2024 9:26:29 PM;13.8;16.1;83;1003.2;13;188;0;
1718486849;6/15/2024 9:27:29 PM;13.9;16;83;1003.2;11;188;0;
1718486909;6/15/2024 9:28:29 PM;13.8;16.1;84;1003.3;11;188;0;
1718486969;6/15/2024 9:29:29 PM;13.8;16.1;84;1003.2;11;189;0;
1718487029;6/15/2024 9:30:29 PM;13.8;16.1;84;1003.3;11;188;0;
1718487089;6/15/2024 9:31:29 PM;13.8;16.1;84;1003.3;12;188;0;
1718487149;6/15/2024 9:32:29 PM;13.8;16.1;84;1003.3;12;186;0;
1718487209;6/15/2024 9:33:29 PM;13.8;16.1;84;1003.3;13;186;0;
1718487270;6/15/2024 9:34:30 PM;13.8;16;84;1003.2;13;187;0;
1718487330;6/15/2024 9:35:30 PM;13.8;16.1;84;1003.3;13;188;0;
1718487390;6/15/2024 9:36:30 PM;13.8;16.1;84;1003.3;13;189;0;
1718487450;6/15/2024 9:37:30 PM;13.8;16.1;84;1003.3;13;189;0;
1718487510;6/15/2024 9:38:30 PM;13.8;16.1;84;1003.3;12;189;0;
1718487570;6/15/2024 9:39:30 PM;13.8;16.1;85;1003.3;12;186;0;
1718487635;6/15/2024 9:40:35 PM;13.9;16.2;85;1003.3;12;187;0;
1718487700;6/15/2024 9:41:40 PM;13.8;16.2;85;1003.3;12;188;0;
1718487760;6/15/2024 9:42:40 PM;13.8;16.1;85;1003.3;12;187;0;
1718487820;6/15/2024 9:43:40 PM;13.8;16.1;85;1003.4;12;188;0;
1718487880;6/15/2024 9:44:40 PM;13.8;16.1;86;1003.4;11;190;0;
1718487940;6/15/2024 9:45:40 PM;13.7;16.1;86;1003.3;11;189;0;
1718488001;6/15/2024 9:46:41 PM;13.7;16.1;86;1003.3;10;190;0;
1718488061;6/15/2024 9:47:41 PM;13.6;16;86;1003.4;10;190;0;
1718488121;6/15/2024 9:48:41 PM;13.6;15.9;86;1003.3;10;193;0;
1718488181;6/15/2024 9:49:41 PM;13.6;15.9;87;1003.3;9;191;0;
1718488241;6/15/2024 9:50:41 PM;13.6;16;87;1003.4;12;190;0;
1718488301;6/15/2024 9:51:41 PM;13.6;15.9;87;1003.3;12;190;0;
1718488361;6/15/2024 9:52:41 PM;13.5;16;87;1003.3;12;186;0;
1718488421;6/15/2024 9:53:41 PM;13.5;15.9;87;1003.3;13;189;0;
1718488481;6/15/2024 9:54:41 PM;13.4;15.9;88;1003.3;11;192;1;
1718488541;6/15/2024 9:55:41 PM;13.4;16;88;1003.3;11;192;0;
1718488602;6/15/2024 9:56:42 PM;13.4;16;89;1003.3;10;194;0;
1718488662;6/15/2024 9:57:42 PM;13.4;15.9;89;1003.3;11;193;0;
1718488722;6/15/2024 9:58:42 PM;13.3;16;89;1003.3;11;190;1;
1718488782;6/15/2024 9:59:42 PM;13.3;16;89;1003.3;11;190;1;
1718488842;6/15/2024 10:00:42 PM;13.3;16;89;1003.3;11;188;1;
1718488902;6/15/2024 10:01:42 PM;13.3;16;89;1003.3;11;189;0;
1718488962;6/15/2024 10:02:42 PM;13.2;16;89;1003.3;11;190;0;
1718489022;6/15/2024 10:03:42 PM;13.2;16;90;1003.3;11;189;0;
1718489082;6/15/2024 10:04:42 PM;13.2;16;90;1003.3;11;191;0;
1718489142;6/15/2024 10:05:42 PM;13.2;16;90;1003.3;11;190;0;
1718489202;6/15/2024 10:06:42 PM;13.2;16;90;1003.3;12;188;0;
1718489263;6/15/2024 10:07:43 PM;13.1;15.9;90;1003.4;13;189;0;
1718489323;6/15/2024 10:08:43 PM;13.1;15.9;90;1003.4;13;188;0;
1718489383;6/15/2024 10:09:43 PM;13.1;15.9;90;1003.4;12;188;0;
1718489443;6/15/2024 10:10:43 PM;13.1;15.9;91;1003.4;11;189;0;
1718489503;6/15/2024 10:11:43 PM;13.1;15.9;91;1003.4;10;189;0;
1718489563;6/15/2024 10:12:43 PM;13.1;15.9;90;1003.4;11;187;0;
1718489623;6/15/2024 10:13:43 PM;13.1;15.9;90;1003.4;11;187;0;
1718489683;6/15/2024 10:14:43 PM;13;15.9;91;1003.4;11;189;0;
1718489743;6/15/2024 10:15:43 PM;13.1;15.9;91;1003.3;11;190;0;
1718489803;6/15/2024 10:16:43 PM;13.1;15.9;91;1003.3;11;191;0;
1718489863;6/15/2024 10:17:43 PM;13.1;15.9;91;1003.2;11;190;0;
1718489924;6/15/2024 10:18:44 PM;13.1;15.9;91;1003.2;12;185;0;
1718489984;6/15/2024 10:19:44 PM;13.1;15.9;90;1003.2;12;184;0;
1718490044;6/15/2024 10:20:44 PM;13.1;15.9;91;1003.3;12;184;0;
1718490104;6/15/2024 10:21:44 PM;13.2;15.9;91;1003.2;12;183;0;
1718490164;6/15/2024 10:22:44 PM;13.2;15.9;91;1003.2;11;185;0;
1718490224;6/15/2024 10:23:44 PM;13.2;15.8;90;1003.2;11;185;0;
1718490284;6/15/2024 10:24:44 PM;13.2;15.8;90;1003.2;11;184;0;
1718490344;6/15/2024 10:25:44 PM;13.2;15.8;90;1003.2;12;187;0;
1718490404;6/15/2024 10:26:44 PM;13.2;15.8;90;1003.2;13;187;0;
1718490464;6/15/2024 10:27:44 PM;13.2;15.8;90;1003.2;13;186;0;
1718490524;6/15/2024 10:28:44 PM;13.2;15.7;90;1003.2;13;187;0;
1718490585;6/15/2024 10:29:45 PM;13.2;15.7;90;1003.2;12;187;0;
1718490645;6/15/2024 10:30:45 PM;13.2;15.7;90;1003.2;12;188;0;
1718490705;6/15/2024 10:31:45 PM;13.2;15.7;89;1003.1;12;189;0;
1718490765;6/15/2024 10:32:45 PM;13.2;15.7;89;1003.1;12;188;0;
1718490825;6/15/2024 10:33:45 PM;13.1;15.6;90;1003.2;12;190;0;
1718490885;6/15/2024 10:34:45 PM;13.2;15.6;90;1003.2;12;191;0;
1718490945;6/15/2024 10:35:45 PM;13.1;15.6;90;1003.1;12;191;0;
1718491005;6/15/2024 10:36:45 PM;13.1;15.5;90;1003.1;12;190;0;
1718491065;6/15/2024 10:37:45 PM;13.1;15.5;90;1003.1;12;189;0;
1718491125;6/15/2024 10:38:45 PM;13.1;15.4;90;1003.1;12;188;0;
1718491186;6/15/2024 10:39:46 PM;13.1;15.5;90;1003.1;12;189;0;
1718491246;6/15/2024 10:40:46 PM;13.1;15.5;90;1003;11;188;0;
1718491306;6/15/2024 10:41:46 PM;13.1;15.4;90;1003;10;187;0;
1718491366;6/15/2024 10:42:46 PM;13.1;15.5;90;1003;9;186;0;
1718491426;6/15/2024 10:43:46 PM;13.1;15.5;90;1003;9;184;0;
1718491486;6/15/2024 10:44:46 PM;13.1;15.5;90;1003;9;186;0;
1718491546;6/15/2024 10:45:46 PM;13.1;15.5;90;1003;9;186;0;
1718491606;6/15/2024 10:46:46 PM;13.1;15.5;90;1003;9;186;0;
1718491666;6/15/2024 10:47:46 PM;13.1;15.5;90;1003;8;185;0;
1718491726;6/15/2024 10:48:46 PM;13.1;15.5;90;1003;8;185;0;
1718491786;6/15/2024 10:49:46 PM;13.1;15.5;90;1003;8;186;0;
1718491847;6/15/2024 10:50:47 PM;13;15.5;90;1003;8;185;0;
1718491907;6/15/2024 10:51:47 PM;13.1;15.5;90;1003;8;185;0;
1718491972;6/15/2024 10:52:52 PM;13.1;15.4;90;1002.9;9;182;0;
1718492032;6/15/2024 10:53:52 PM;13;15.5;90;1002.9;9;183;0;
1718492096;6/15/2024 10:54:56 PM;13;15.5;90;1002.9;9;182;0;
1718492157;6/15/2024 10:55:57 PM;13;15.5;90;1002.9;9;182;0;
1718492217;6/15/2024 10:56:57 PM;13.1;15.5;90;1002.9;9;184;0;
1718492277;6/15/2024 10:57:57 PM;13;15.4;90;1002.9;9;183;0;
1718492337;6/15/2024 10:58:57 PM;13;15.5;90;1002.9;8;183;0;
1718492398;6/15/2024 10:59:58 PM;13;15.4;90;1002.9;8;185;0;
1718492462;6/15/2024 11:01:02 PM;13;15.4;90;1002.9;9;184;0;
1718492523;6/15/2024 11:02:03 PM;13;15.4;90;1002.8;9;182;0;
1718492583;6/15/2024 11:03:03 PM;13;15.4;90;1002.9;9;182;0;
1718492643;6/15/2024 11:04:03 PM;13;15.4;90;1002.8;10;182;0;
1718492703;6/15/2024 11:05:03 PM;13;15.4;90;1002.8;10;182;0;
1718492763;6/15/2024 11:06:03 PM;13;15.4;90;1002.8;9;182;0;
1718492828;6/15/2024 11:07:08 PM;13;15.4;90;1002.8;9;179;0;
1718492888;6/15/2024 11:08:08 PM;13;15.4;90;1002.7;8;178;0;
1718492953;6/15/2024 11:09:13 PM;12.9;15.4;90;1002.7;8;178;0;
1718493013;6/15/2024 11:10:13 PM;13;15.4;90;1002.7;9;179;0;
1718493074;6/15/2024 11:11:14 PM;13;15.5;90;1002.7;9;180;0;
1718493134;6/15/2024 11:12:14 PM;13;15.4;90;1002.7;10;184;0;
1718493199;6/15/2024 11:13:19 PM;12.9;15.5;90;1002.7;10;187;0;
1718493259;6/15/2024 11:14:19 PM;13;15.5;91;1002.7;9;186;0;
1718493319;6/15/2024 11:15:19 PM;13;15.5;91;1002.7;9;185;0;
1718493379;6/15/2024 11:16:19 PM;12.9;15.4;90;1002.7;9;188;0;
1718493439;6/15/2024 11:17:19 PM;12.9;15.4;90;1002.6;9;187;0;
1718493499;6/15/2024 11:18:19 PM;12.9;15.4;91;1002.6;10;186;0;
1718493559;6/15/2024 11:19:19 PM;12.9;15.4;90;1002.6;10;187;0;
1718493619;6/15/2024 11:20:19 PM;13;15.4;90;1002.6;10;185;0;
1718493679;6/15/2024 11:21:19 PM;13;15.4;91;1002.6;10;185;0;
1718493740;6/15/2024 11:22:20 PM;13;15.4;90;1002.6;10;187;0;
1718493800;6/15/2024 11:23:20 PM;13;15.5;91;1002.6;9;185;0;
1718493860;6/15/2024 11:24:20 PM;13;15.5;91;1002.5;9;181;0;
1718493920;6/15/2024 11:25:20 PM;13;15.5;90;1002.5;8;177;0;
1718493980;6/15/2024 11:26:20 PM;13;15.5;90;1002.5;8;171;0;
1718494040;6/15/2024 11:27:20 PM;13;15.5;90;1002.5;8;171;0;
1718494100;6/15/2024 11:28:20 PM;13;15.5;91;1002.5;8;173;0;
1718494160;6/15/2024 11:29:20 PM;13;15.5;90;1002.5;7;174;0;
1718494220;6/15/2024 11:30:20 PM;13.1;15.5;90;1002.5;8;176;0;
1718494280;6/15/2024 11:31:20 PM;13;15.5;90;1002.5;8;175;0;
1718494341;6/15/2024 11:32:21 PM;13;15.5;90;1002.5;8;172;0;
1718494401;6/15/2024 11:33:21 PM;13;15.5;90;1002.4;8;172;0;
1718494461;6/15/2024 11:34:21 PM;13;15.5;90;1002.4;8;171;0;
1718494521;6/15/2024 11:35:21 PM;13;15.4;90;1002.4;8;169;0;
1718494581;6/15/2024 11:36:21 PM;13;15.4;90;1002.4;8;170;0;
1718494646;6/15/2024 11:37:26 PM;13;15.4;90;1002.4;8;170;0;
1718494706;6/15/2024 11:38:26 PM;13;15.3;90;1002.4;9;171;0;
1718494766;6/15/2024 11:39:26 PM;13;15.4;90;1002.4;9;172;0;
1718494826;6/15/2024 11:40:26 PM;13;15.3;90;1002.4;9;172;0;
1718494886;6/15/2024 11:41:26 PM;13;15.3;90;1002.4;9;171;0;
1718494946;6/15/2024 11:42:26 PM;13;15.2;90;1002.4;9;170;0;
1718495006;6/15/2024 11:43:26 PM;12.9;15.2;90;1002.4;9;171;0;
1718495066;6/15/2024 11:44:26 PM;12.9;15.2;90;1002.4;8;171;0;
1718495127;6/15/2024 11:45:27 PM;12.9;15.2;90;1002.5;9;174;0;
1718495187;6/15/2024 11:46:27 PM;13;15.2;89;1002.4;8;177;0;
1718495247;6/15/2024 11:47:27 PM;12.9;15.2;89;1002.5;8;175;0;
1718495307;6/15/2024 11:48:27 PM;12.9;15.2;89;1002.5;8;178;0;
1718495367;6/15/2024 11:49:27 PM;12.9;15.2;90;1002.6;8;181;0;
1718495427;6/15/2024 11:50:27 PM;13;15.2;90;1002.6;8;183;0;
1718495487;6/15/2024 11:51:27 PM;12.9;15.1;89;1002.5;8;185;0;
1718495547;6/15/2024 11:52:27 PM;13;15.2;89;1002.5;8;184;0;
1718495607;6/15/2024 11:53:27 PM;12.9;15.1;89;1002.5;7;184;0;
1718495667;6/15/2024 11:54:27 PM;12.9;15.2;89;1002.6;7;181;0;
1718495728;6/15/2024 11:55:28 PM;12.9;15.2;89;1002.6;7;182;0;
1718495788;6/15/2024 11:56:28 PM;12.9;15.2;89;1002.6;7;181;0;
1718495848;6/15/2024 11:57:28 PM;12.9;15.2;89;1002.6;8;177;0;
1718495908;6/15/2024 11:58:28 PM;12.9;15.2;89;1002.6;8;174;0;
1718495968;6/15/2024 11:59:28 PM;13;15.2;89;1002.5;8;174;0;
1718496028;6/16/2024 12:00:28 AM;13;15.2;89;1002.5;8;175;0;
1718496088;6/16/2024 12:01:28 AM;13;15.2;89;1002.5;8;174;0;
1718496148;6/16/2024 12:02:28 AM;12.9;15.2;89;1002.5;9;175;0;
1718496208;6/16/2024 12:03:28 AM;13;15.2;89;1002.5;9;173;0;
1718496268;6/16/2024 12:04:28 AM;12.9;15.2;89;1002.5;9;171;0;
1718496328;6/16/2024 12:05:28 AM;13;15.2;89;1002.5;9;174;0;
1718496389;6/16/2024 12:06:29 AM;13;15.2;89;1002.5;9;174;0;
1718496449;6/16/2024 12:07:29 AM;13;15.2;89;1002.5;9;175;0;
1718496509;6/16/2024 12:08:29 AM;12.9;15.2;89;1002.5;9;174;0;
1718496569;6/16/2024 12:09:29 AM;12.9;15.2;89;1002.5;8;171;0;
1718496629;6/16/2024 12:10:29 AM;12.9;15.2;89;1002.4;8;170;0;
1718496689;6/16/2024 12:11:29 AM;12.9;15.2;89;1002.4;9;169;0;
1718496749;6/16/2024 12:12:29 AM;12.9;15.1;89;1002.4;9;167;0;
1718496809;6/16/2024 12:13:29 AM;12.9;15.1;89;1002.4;9;170;0;
1718496869;6/16/2024 12:14:29 AM;12.9;15.2;89;1002.3;9;170;0;
1718496929;6/16/2024 12:15:29 AM;12.8;15.1;89;1002.3;9;170;0;
1718496989;6/16/2024 12:16:29 AM;12.8;15.1;89;1002.3;9;171;0;
1718497050;6/16/2024 12:17:30 AM;12.9;15.1;89;1002.3;9;170;0;
1718497110;6/16/2024 12:18:30 AM;12.8;15.2;89;1002.3;9;169;0;
1718497170;6/16/2024 12:19:30 AM;12.9;15.2;90;1002.2;8;167;0;
1718497230;6/16/2024 12:20:30 AM;12.9;15.1;89;1002.2;8;165;0;
1718497290;6/16/2024 12:21:30 AM;12.8;15.1;89;1002.2;9;165;0;
1718497350;6/16/2024 12:22:30 AM;12.8;15.1;90;1002.2;9;166;0;
1718497410;6/16/2024 12:23:30 AM;12.8;15.1;90;1002.1;9;164;0;
1718497470;6/16/2024 12:24:30 AM;12.9;15.1;90;1002.1;9;165;0;
1718497531;6/16/2024 12:25:31 AM;12.8;15.1;89;1002.1;9;165;0;
1718497595;6/16/2024 12:26:35 AM;12.9;15.1;90;1002.1;9;163;0;
1718497657;6/16/2024 12:27:37 AM;12.9;15.1;89;1002;10;164;0;
1718497721;6/16/2024 12:28:41 AM;12.9;15.1;89;1002.1;11;166;0;
1718497781;6/16/2024 12:29:41 AM;12.9;15.2;90;1002.1;12;167;0;
1718497841;6/16/2024 12:30:41 AM;12.9;15.1;90;1002.1;12;170;0;
1718497901;6/16/2024 12:31:41 AM;12.8;15.2;90;1002.1;12;172;0;
1718497961;6/16/2024 12:32:41 AM;12.8;15.1;90;1002.1;11;171;0;
1718498021;6/16/2024 12:33:41 AM;12.9;15.1;90;1002;11;171;0;
1718498081;6/16/2024 12:34:41 AM;12.9;15.1;90;1002;11;170;0;
1718498141;6/16/2024 12:35:41 AM;12.9;15.1;90;1002.1;11;170;0;
1718498201;6/16/2024 12:36:41 AM;12.9;15.2;90;1002;10;168;0;
1718498261;6/16/2024 12:37:41 AM;12.9;15.2;90;1002;10;168;0;
1718498322;6/16/2024 12:38:42 AM;12.9;15.2;90;1002;10;170;0;
1718498382;6/16/2024 12:39:42 AM;12.9;15.2;90;1001.9;10;167;0;
1718498442;6/16/2024 12:40:42 AM;12.9;15.1;90;1002;11;169;0;
1718498502;6/16/2024 12:41:42 AM;12.9;15.1;90;1002;11;171;0;
1718498562;6/16/2024 12:42:42 AM;12.9;15.2;90;1002;11;170;0;
1718498622;6/16/2024 12:43:42 AM;12.9;15.2;90;1002;10;170;0;
1718498682;6/16/2024 12:44:42 AM;12.9;15.2;90;1002;10;170;0;
1718498746;6/16/2024 12:45:46 AM;12.9;15.1;90;1001.9;10;169;0;
1718498807;6/16/2024 12:46:47 AM;12.9;15.2;90;1001.9;10;169;0;
1718498868;6/16/2024 12:47:48 AM;12.9;15.2;90;1001.9;10;170;0;
1718498928;6/16/2024 12:48:48 AM;12.9;15.2;90;1001.9;10;168;0;
1718498993;6/16/2024 12:49:53 AM;12.9;15.2;90;1001.9;10;168;0;
1718499053;6/16/2024 12:50:53 AM;12.9;15.2;90;1001.9;9;166;0;
1718499113;6/16/2024 12:51:53 AM;12.9;15.2;90;1001.9;10;164;0;
1718499173;6/16/2024 12:52:53 AM;12.9;15.2;90;1001.9;10;165;0;
1718499237;6/16/2024 12:53:57 AM;12.9;15.2;90;1001.9;10;164;0;
1718499298;6/16/2024 12:54:58 AM;12.9;15.2;90;1001.9;10;163;0;
1718499363;6/16/2024 12:56:03 AM;12.9;15.3;90;1001.9;10;164;0;
1718499423;6/16/2024 12:57:03 AM;12.9;15.2;90;1001.9;10;164;0;
1718499483;6/16/2024 12:58:03 AM;13;15.2;90;1001.9;10;165;0;
1718499543;6/16/2024 12:59:03 AM;13;15.2;90;1001.9;10;168;0;
1718499604;6/16/2024 1:00:04 AM;13;15.2;90;1001.9;10;170;0;
1718499669;6/16/2024 1:01:09 AM;13;15.2;90;1001.8;10;168;0;
1718499734;6/16/2024 1:02:14 AM;13;15.2;90;1001.9;11;166;0;
1718499799;6/16/2024 1:03:19 AM;13;15.2;90;1001.9;10;165;0;
1718499859;6/16/2024 1:04:19 AM;13;15.2;90;1001.8;10;165;0;
1718499919;6/16/2024 1:05:19 AM;13;15.3;91;1001.8;9;162;0;
1718499979;6/16/2024 1:06:19 AM;13;15.2;90;1001.8;9;163;0;
1718500039;6/16/2024 1:07:19 AM;13;15.2;90;1001.8;9;162;0;
1718500099;6/16/2024 1:08:19 AM;13;15.2;90;1001.8;9;164;0;
1718500160;6/16/2024 1:09:20 AM;13;15.3;90;1001.8;10;167;0;
1718500220;6/16/2024 1:10:20 AM;13;15.2;90;1001.8;10;170;0;
1718500280;6/16/2024 1:11:20 AM;13;15.2;90;1001.7;11;172;0;
1718500340;6/16/2024 1:12:20 AM;13;15.2;90;1001.7;11;171;0;
1718500400;6/16/2024 1:13:20 AM;13;15.2;90;1001.7;12;171;0;
1718500460;6/16/2024 1:14:20 AM;13;15.2;90;1001.7;12;169;0;
1718500520;6/16/2024 1:15:20 AM;13;15.2;91;1001.6;10;165;0;
1718500580;6/16/2024 1:16:20 AM;13;15.2;90;1001.6;10;165;0;
1718500640;6/16/2024 1:17:20 AM;13;15.2;90;1001.6;11;165;0;
1718500700;6/16/2024 1:18:20 AM;13;15.1;90;1001.6;12;168;0;
1718500765;6/16/2024 1:19:25 AM;13;15.2;91;1001.6;12;171;0;
1718500831;6/16/2024 1:20:31 AM;13;15.1;91;1001.7;13;172;0;
1718500891;6/16/2024 1:21:31 AM;13;15.2;91;1001.7;12;172;1;
1718500951;6/16/2024 1:22:31 AM;13;15.1;91;1001.6;11;171;1;
1718501011;6/16/2024 1:23:31 AM;13;15.2;91;1001.7;11;173;1;
1718501071;6/16/2024 1:24:31 AM;13;15.2;91;1001.7;10;174;1;
1718501131;6/16/2024 1:25:31 AM;13;15.2;91;1001.7;10;174;1;
1718501191;6/16/2024 1:26:31 AM;13;15.2;91;1001.6;10;173;0;
1718501256;6/16/2024 1:27:36 AM;13;15.2;92;1001.6;10;175;0;
1718501316;6/16/2024 1:28:36 AM;13;15.1;92;1001.6;10;175;0;
1718501376;6/16/2024 1:29:36 AM;13;15.2;92;1001.6;10;173;1;
1718501436;6/16/2024 1:30:36 AM;13;15.2;91;1001.6;10;174;1;
1718501497;6/16/2024 1:31:37 AM;12.9;15.1;91;1001.6;11;172;0;
1718501562;6/16/2024 1:32:42 AM;12.9;15.1;91;1001.6;12;173;0;
1718501622;6/16/2024 1:33:42 AM;12.9;15.1;92;1001.6;12;173;0;
1718501682;6/16/2024 1:34:42 AM;12.9;15.1;92;1001.6;12;174;0;
1718501744;6/16/2024 1:35:44 AM;12.9;15.1;92;1001.6;11;176;0;
1718501807;6/16/2024 1:36:47 AM;12.9;15.2;92;1001.6;10;178;1;
1718501867;6/16/2024 1:37:47 AM;12.9;15.2;92;1001.5;10;178;1;
1718501927;6/16/2024 1:38:47 AM;12.9;15.2;92;1001.5;9;176;1;
1718501987;6/16/2024 1:39:47 AM;12.8;15.2;92;1001.5;9;176;1;
1718502047;6/16/2024 1:40:47 AM;12.8;15.2;92;1001.5;8;173;2;
1718502107;6/16/2024 1:41:47 AM;12.8;15.2;92;1001.5;8;175;0;
1718502167;6/16/2024 1:42:47 AM;12.8;15.2;93;1001.4;7;177;0;
1718502229;6/16/2024 1:43:49 AM;12.8;15.2;93;1001.5;7;177;1;
1718502293;6/16/2024 1:44:53 AM;12.7;15.2;93;1001.4;9;176;2;
1718502353;6/16/2024 1:45:53 AM;12.7;15.2;93;1001.4;9;175;2;
1718502413;6/16/2024 1:46:53 AM;12.7;15.3;93;1001.3;9;173;0;
1718502473;6/16/2024 1:47:53 AM;12.7;15.2;93;1001.3;9;172;0;
1718502533;6/16/2024 1:48:53 AM;12.7;14.9;93;1001.3;9;172;0;
1718502593;6/16/2024 1:49:53 AM;12.7;14.8;93;1001.3;8;173;1;
1718502653;6/16/2024 1:50:53 AM;12.7;14.8;93;1001.3;8;174;1;
1718502713;6/16/2024 1:51:53 AM;12.7;14.8;93;1001.3;8;174;0;
1718502773;6/16/2024 1:52:53 AM;12.7;14.8;93;1001.2;7;173;0;
1718502833;6/16/2024 1:53:53 AM;12.7;14.8;93;1001.2;6;171;2;
1718502894;6/16/2024 1:54:54 AM;12.7;14.8;93;1001.2;6;171;3;
1718502954;6/16/2024 1:55:54 AM;12.6;14.7;93;1001.2;6;169;3;
1718503014;6/16/2024 1:56:54 AM;12.7;14.6;93;1001.2;6;170;0;
1718503079;6/16/2024 1:57:59 AM;12.6;14.6;93;1001.2;7;168;0;
1718503139;6/16/2024 1:58:59 AM;12.6;14.5;93;1001.2;7;170;0;
1718503199;6/16/2024 1:59:59 AM;12.6;14.5;94;1001.1;7;172;0;
1718503259;6/16/2024 2:00:59 AM;12.6;14.4;94;1001.1;7;170;1;
1718503319;6/16/2024 2:01:59 AM;12.6;14.4;94;1001.1;6;173;0;
1718503379;6/16/2024 2:02:59 AM;12.6;14.4;94;1001.1;6;172;0;
1718503440;6/16/2024 2:04:00 AM;12.7;14.4;94;1001.1;5;172;0;
1718503505;6/16/2024 2:05:05 AM;12.7;14.4;94;1001.1;5;171;0;
1718503565;6/16/2024 2:06:05 AM;12.7;14.4;94;1001.1;4;170;0;
1718503625;6/16/2024 2:07:05 AM;12.7;14.4;94;1001.1;4;170;0;
1718503685;6/16/2024 2:08:05 AM;12.7;14.5;94;1001;5;172;1;
1718503750;6/16/2024 2:09:10 AM;12.8;14.4;94;1001;5;172;2;
1718503810;6/16/2024 2:10:10 AM;12.7;14.4;94;1001;5;174;3;
1718503870;6/16/2024 2:11:10 AM;12.7;14.4;94;1000.9;5;169;3;
1718503930;6/16/2024 2:12:10 AM;12.7;14.4;94;1000.9;5;158;1;
1718503990;6/16/2024 2:13:10 AM;12.7;14.4;94;1000.8;5;152;2;
1718504051;6/16/2024 2:14:11 AM;12.7;14.4;94;1000.8;4;132;2;
1718504111;6/16/2024 2:15:11 AM;12.7;14.4;94;1000.8;4;126;3;
1718504171;6/16/2024 2:16:11 AM;12.7;14.3;94;1000.7;4;128;3;
1718504231;6/16/2024 2:17:11 AM;12.7;14.3;94;1000.7;4;130;4;
1718504291;6/16/2024 2:18:11 AM;12.8;14.3;94;1000.7;3;147;1;
1718504351;6/16/2024 2:19:11 AM;12.8;14.3;94;1000.7;3;152;1;
1718504411;6/16/2024 2:20:11 AM;12.8;14.2;94;1000.6;3;148;1;
1718504471;6/16/2024 2:21:11 AM;12.8;14.3;94;1000.6;3;143;2;
1718504531;6/16/2024 2:22:11 AM;12.8;14.3;94;1000.6;4;136;0;
1718504591;6/16/2024 2:23:11 AM;12.7;14.3;94;1000.6;4;130;0;
1718504651;6/16/2024 2:24:11 AM;12.8;14.3;94;1000.6;5;141;1;
1718504712;6/16/2024 2:25:12 AM;12.8;14.3;94;1000.6;4;145;2;
1718504772;6/16/2024 2:26:12 AM;12.8;14.3;94;1000.5;5;150;3;
1718504832;6/16/2024 2:27:12 AM;12.8;14.3;94;1000.5;5;153;4;
1718504892;6/16/2024 2:28:12 AM;12.8;14.3;94;1000.5;5;151;2;
1718504952;6/16/2024 2:29:12 AM;12.7;14.3;94;1000.5;6;148;5;
1718505012;6/16/2024 2:30:12 AM;12.7;14.2;94;1000.4;7;145;7;
1718505072;6/16/2024 2:31:12 AM;12.7;14.1;94;1000.4;7;147;9;
1718505132;6/16/2024 2:32:12 AM;12.7;14;94;1000.4;7;143;0;
1718505192;6/16/2024 2:33:12 AM;12.7;14;94;1000.4;6;143;0;
1718505252;6/16/2024 2:34:12 AM;12.7;14;94;1000.4;6;149;1;
1718505312;6/16/2024 2:35:12 AM;12.8;14;94;1000.3;6;150;1;
1718505373;6/16/2024 2:36:13 AM;12.8;14;94;1000.4;6;151;1;
1718505433;6/16/2024 2:37:13 AM;12.8;14.1;94;1000.3;7;156;2;
1718505493;6/16/2024 2:38:13 AM;12.7;14.1;94;1000.3;7;150;0;
1718505553;6/16/2024 2:39:13 AM;12.7;14.1;94;1000.3;7;150;0;
1718505613;6/16/2024 2:40:13 AM;12.7;14.1;94;1000.3;7;151;0;
1718505678;6/16/2024 2:41:18 AM;12.7;14.2;94;1000.3;7;153;1;
1718505738;6/16/2024 2:42:18 AM;12.7;14.2;94;1000.3;7;155;0;
1718505798;6/16/2024 2:43:18 AM;12.7;14.1;94;1000.4;7;156;1;
1718505858;6/16/2024 2:44:18 AM;12.7;14.2;94;1000.3;7;156;2;
1718505918;6/16/2024 2:45:18 AM;12.7;14.2;94;1000.3;7;155;3;
1718505978;6/16/2024 2:46:18 AM;12.7;14.3;94;1000.3;7;158;4;
1718506039;6/16/2024 2:47:19 AM;12.7;14.2;94;1000.3;8;159;5;
1718506099;6/16/2024 2:48:19 AM;12.7;14.2;94;1000.3;9;164;1;
1718506159;6/16/2024 2:49:19 AM;12.7;14.2;94;1000.2;9;164;1;
1718506219;6/16/2024 2:50:19 AM;12.7;14.1;94;1000.2;11;166;1;
1718506279;6/16/2024 2:51:19 AM;12.7;14.1;94;1000.1;11;156;1;
1718506339;6/16/2024 2:52:19 AM;12.7;14.1;94;1000.1;10;149;1;
1718506399;6/16/2024 2:53:19 AM;12.7;14.1;95;1000.1;10;148;0;
1718506459;6/16/2024 2:54:19 AM;12.7;14.1;95;1000;10;149;0;
1718506519;6/16/2024 2:55:19 AM;12.7;14.2;95;1000;9;151;0;
1718506579;6/16/2024 2:56:19 AM;12.7;14.1;94;1000;12;158;0;
1718506640;6/16/2024 2:57:20 AM;12.7;14.1;94;1000;13;158;0;
1718506700;6/16/2024 2:58:20 AM;12.7;14.1;94;1000;14;156;0;
1718506760;6/16/2024 2:59:20 AM;12.7;14.2;94;1000;15;159;0;
1718506820;6/16/2024 3:00:20 AM;12.7;14.2;94;1000;15;158;0;
1718506880;6/16/2024 3:01:20 AM;12.7;14.2;94;999.9;14;155;0;
1718506940;6/16/2024 3:02:20 AM;12.7;14.2;94;999.9;15;156;0;
1718507000;6/16/2024 3:03:20 AM;12.7;14.2;94;999.9;15;157;0;
1718507060;6/16/2024 3:04:20 AM;12.7;14.3;94;999.9;15;157;0;
1718507120;6/16/2024 3:05:20 AM;12.8;14.3;94;999.9;16;159;1;
1718507180;6/16/2024 3:06:20 AM;12.7;14.3;94;999.9;16;158;1;
1718507240;6/16/2024 3:07:20 AM;12.7;14.3;94;999.9;16;158;1;
1718507301;6/16/2024 3:08:21 AM;12.7;14.3;94;999.8;16;158;0;
1718507361;6/16/2024 3:09:21 AM;12.8;14.3;94;999.9;15;156;0;
1718507421;6/16/2024 3:10:21 AM;12.7;14.3;94;999.9;14;155;0;
1718507481;6/16/2024 3:11:21 AM;12.8;14.3;94;999.9;14;157;0;
1718507541;6/16/2024 3:12:21 AM;12.8;14.3;94;999.8;14;159;0;
1718507601;6/16/2024 3:13:21 AM;12.7;14.3;94;999.9;15;162;0;
1718507661;6/16/2024 3:14:21 AM;12.8;14.3;94;999.9;15;167;0;
1718507721;6/16/2024 3:15:21 AM;12.8;14.3;94;999.9;16;167;1;
1718507786;6/16/2024 3:16:26 AM;12.8;14.3;94;999.9;15;168;1;
1718507846;6/16/2024 3:17:26 AM;12.7;14.3;94;999.9;14;168;1;
1718507906;6/16/2024 3:18:26 AM;12.8;14.4;94;999.9;12;169;2;
1718507966;6/16/2024 3:19:26 AM;12.7;14.4;94;999.8;11;166;3;
1718508027;6/16/2024 3:20:27 AM;12.7;14.3;94;999.8;12;165;3;
1718508092;6/16/2024 3:21:32 AM;12.7;14.2;94;999.8;12;166;4;
1718508152;6/16/2024 3:22:32 AM;12.7;14.2;94;999.8;13;162;0;
1718508212;6/16/2024 3:23:32 AM;12.8;14.2;94;999.8;12;166;0;
1718508272;6/16/2024 3:24:32 AM;12.7;14.2;94;999.8;12;168;0;
1718508332;6/16/2024 3:25:32 AM;12.8;14.1;94;999.7;12;169;0;
1718508392;6/16/2024 3:26:32 AM;12.8;14.2;94;999.7;12;170;0;
1718508452;6/16/2024 3:27:32 AM;12.8;14.1;94;999.7;14;171;0;
1718508512;6/16/2024 3:28:32 AM;12.8;14.1;94;999.7;15;170;0;
1718508573;6/16/2024 3:29:33 AM;12.8;14.2;94;999.7;16;171;1;
1718508633;6/16/2024 3:30:33 AM;12.8;14.1;94;999.7;17;170;1;
1718508693;6/16/2024 3:31:33 AM;12.8;14.1;94;999.7;18;170;1;
1718508753;6/16/2024 3:32:33 AM;12.8;14.2;94;999.7;17;167;1;
1718508813;6/16/2024 3:33:33 AM;12.8;14.2;94;999.7;16;165;0;
1718508873;6/16/2024 3:34:33 AM;12.8;14.2;94;999.7;16;168;0;
1718508933;6/16/2024 3:35:33 AM;12.8;14.2;94;999.7;15;168;0;
1718508993;6/16/2024 3:36:33 AM;12.8;14.2;94;999.7;17;170;0;
1718509053;6/16/2024 3:37:33 AM;12.8;14.2;94;999.7;17;170;0;
1718509113;6/16/2024 3:38:33 AM;12.8;14.2;94;999.7;17;166;0;
1718509173;6/16/2024 3:39:33 AM;12.9;14.3;94;999.7;17;166;0;
1718509234;6/16/2024 3:40:34 AM;12.8;14.2;94;999.7;17;164;0;
1718509294;6/16/2024 3:41:34 AM;12.8;14.2;94;999.6;18;166;0;
1718509354;6/16/2024 3:42:34 AM;12.8;14.3;94;999.7;18;169;0;
1718509414;6/16/2024 3:43:34 AM;12.9;14.3;94;999.7;17;171;0;
1718509474;6/16/2024 3:44:34 AM;12.9;14.2;94;999.7;16;173;2;
1718509536;6/16/2024 3:45:36 AM;12.9;14.3;94;999.7;15;174;4;
1718509599;6/16/2024 3:46:39 AM;12.9;14.3;94;999.7;14;171;5;
1718509659;6/16/2024 3:47:39 AM;12.9;14.3;94;999.7;15;169;0;
1718509719;6/16/2024 3:48:39 AM;12.9;14.3;94;999.7;16;167;0;
1718509779;6/16/2024 3:49:39 AM;12.9;14.2;94;999.7;17;166;0;
1718509839;6/16/2024 3:50:39 AM;12.9;14.1;94;999.7;17;168;0;
1718509903;6/16/2024 3:51:43 AM;12.9;14.1;94;999.7;16;167;0;
1718509965;6/16/2024 3:52:45 AM;12.9;14.2;94;999.7;15;168;0;
1718510025;6/16/2024 3:53:45 AM;12.9;14.1;94;999.7;14;170;0;
1718510085;6/16/2024 3:54:45 AM;12.9;14.1;94;999.7;15;169;1;
1718510145;6/16/2024 3:55:45 AM;12.9;14.1;94;999.7;15;168;1;
1718510205;6/16/2024 3:56:45 AM;12.9;14.1;94;999.5;16;166;1;
1718510265;6/16/2024 3:57:45 AM;12.9;14.1;94;999.7;17;166;1;
1718510325;6/16/2024 3:58:45 AM;12.9;14.1;94;999.6;18;164;2;
1718510385;6/16/2024 3:59:45 AM;12.9;14.1;94;999.8;20;168;3;
1718510445;6/16/2024 4:00:45 AM;13;14.1;94;999.7;20;174;5;
1718510505;6/16/2024 4:01:45 AM;12.9;14.1;94;999.8;18;177;6;
1718510565;6/16/2024 4:02:45 AM;12.9;14;94;999.8;18;181;0;
1718510626;6/16/2024 4:03:46 AM;12.9;14;94;999.8;17;182;0;
1718510686;6/16/2024 4:04:46 AM;12.9;14;94;999.7;16;177;0;
1718510746;6/16/2024 4:05:46 AM;13;14;94;999.7;16;173;1;
1718510806;6/16/2024 4:06:46 AM;12.9;14;94;999.7;17;171;1;
1718510866;6/16/2024 4:07:46 AM;13;13.9;94;999.7;17;170;0;
1718510926;6/16/2024 4:08:46 AM;13;13.9;94;999.7;18;168;0;
1718510986;6/16/2024 4:09:46 AM;13;14;94;999.7;19;172;0;
1718511046;6/16/2024 4:10:46 AM;13;14;94;999.7;18;172;0;
1718511106;6/16/2024 4:11:46 AM;13;14;94;999.7;17;173;0;
1718511166;6/16/2024 4:12:46 AM;13;14.1;94;999.7;17;177;1;
1718511226;6/16/2024 4:13:46 AM;13;14;94;999.7;16;179;1;
1718511287;6/16/2024 4:14:47 AM;13;14.1;94;999.7;17;180;1;
1718511347;6/16/2024 4:15:47 AM;13;14.1;93;999.7;18;182;1;
1718511407;6/16/2024 4:16:47 AM;13;14.1;93;999.6;18;181;1;
1718511467;6/16/2024 4:17:47 AM;13;14.1;94;999.6;19;177;0;
1718511527;6/16/2024 4:18:47 AM;13;14.1;94;999.6;18;177;0;
1718511587;6/16/2024 4:19:47 AM;13;14.1;94;999.6;18;174;0;
1718511647;6/16/2024 4:20:47 AM;13;14.2;94;999.6;18;173;0;
1718511707;6/16/2024 4:21:47 AM;13;14.2;94;999.6;19;172;0;
1718511767;6/16/2024 4:22:47 AM;13;14.2;93;999.6;21;171;0;
1718511827;6/16/2024 4:23:47 AM;13;14.2;94;999.6;21;171;0;
1718511887;6/16/2024 4:24:47 AM;13.1;14.2;93;999.6;22;172;1;
1718511948;6/16/2024 4:25:48 AM;13.1;14.2;93;999.7;21;177;1;
1718512008;6/16/2024 4:26:48 AM;13.1;14.2;93;999.7;21;181;1;
1718512068;6/16/2024 4:27:48 AM;13.1;14.2;94;999.8;21;185;0;
1718512128;6/16/2024 4:28:48 AM;13.1;14.2;94;999.8;21;188;0;
1718512188;6/16/2024 4:29:48 AM;13.1;14.3;94;999.8;20;189;1;
1718512248;6/16/2024 4:30:48 AM;13.1;14.2;94;999.8;19;187;1;
1718512308;6/16/2024 4:31:48 AM;13.1;14.3;94;999.9;19;186;1;
1718512368;6/16/2024 4:32:48 AM;13.1;14.3;94;999.9;19;184;0;
1718512428;6/16/2024 4:33:48 AM;13.1;14.3;94;999.9;20;181;0;
1718512488;6/16/2024 4:34:48 AM;13.1;14.3;94;1000;20;185;1;
1718512549;6/16/2024 4:35:49 AM;13.1;14.3;94;999.9;17;188;1;
1718512609;6/16/2024 4:36:49 AM;13.1;14.4;94;1000;16;190;1;
1718512669;6/16/2024 4:37:49 AM;13.1;14.4;94;1000;14;192;0;
1718512729;6/16/2024 4:38:49 AM;13.1;14.3;94;1000;14;188;0;
1718512789;6/16/2024 4:39:49 AM;13.1;14.3;94;1000;14;184;0;
1718512849;6/16/2024 4:40:49 AM;13.1;14.3;94;1000;14;182;0;
1718512909;6/16/2024 4:41:49 AM;13.1;14.3;94;1000;14;183;1;
1718512969;6/16/2024 4:42:49 AM;13.1;14.2;94;1000;15;185;0;
1718513029;6/16/2024 4:43:49 AM;13.1;14.3;94;1000.1;15;184;0;
1718513089;6/16/2024 4:44:49 AM;13.1;14.3;94;1000;15;181;0;
1718513149;6/16/2024 4:45:49 AM;13.1;14.3;94;1000.1;15;180;0;
1718513210;6/16/2024 4:46:50 AM;13.2;14.3;94;1000.1;15;180;0;
1718513270;6/16/2024 4:47:50 AM;13.1;14.3;94;1000.1;15;179;0;
1718513330;6/16/2024 4:48:50 AM;13.1;14.3;94;1000.2;14;184;0;
1718513390;6/16/2024 4:49:50 AM;13.2;14.3;94;1000.2;14;183;1;
1718513450;6/16/2024 4:50:50 AM;13.1;14.4;94;1000.2;15;184;1;
1718513510;6/16/2024 4:51:50 AM;13.2;14.4;94;1000.2;15;186;1;
1718513570;6/16/2024 4:52:50 AM;13.1;14.3;94;1000.2;16;187;0;
1718513630;6/16/2024 4:53:50 AM;13.2;14.4;94;1000.2;16;191;0;
1718513690;6/16/2024 4:54:50 AM;13.2;14.4;94;1000.2;13;195;0;
1718513750;6/16/2024 4:55:50 AM;13.2;14.3;94;1000.2;12;197;1;
1718513810;6/16/2024 4:56:50 AM;13.2;14.3;94;1000.2;12;197;2;
1718513871;6/16/2024 4:57:51 AM;13.2;14.4;94;1000.1;11;197;0;
1718513931;6/16/2024 4:58:51 AM;13.2;14.4;94;1000.1;11;196;1;
1718513991;6/16/2024 4:59:51 AM;13.2;14.3;94;1000.1;11;192;1;
1718514051;6/16/2024 5:00:51 AM;13.2;14.3;94;1000;12;186;1;
1718514111;6/16/2024 5:01:51 AM;13.2;14.3;94;1000;13;182;2;
1718514171;6/16/2024 5:02:51 AM;13.1;14.3;94;1000;13;178;0;
1718514231;6/16/2024 5:03:51 AM;13.2;14.3;94;1000;14;178;0;
1718514291;6/16/2024 5:04:51 AM;13.1;14.3;95;1000;14;181;1;
1718514351;6/16/2024 5:05:51 AM;13.2;14.3;95;1000;14;181;1;
1718514411;6/16/2024 5:06:51 AM;13.1;14.2;95;1000.1;15;182;1;
1718514471;6/16/2024 5:07:51 AM;13.1;14.3;95;1000.1;15;183;1;
1718514532;6/16/2024 5:08:52 AM;13.1;14.4;95;1000.1;15;183;0;
1718514592;6/16/2024 5:09:52 AM;13.2;14.3;95;1000.1;15;186;0;
1718514652;6/16/2024 5:10:52 AM;13.1;14.4;95;1000.1;15;186;0;
1718514712;6/16/2024 5:11:52 AM;13.1;14.4;95;1000;15;185;0;
1718514773;6/16/2024 5:12:53 AM;13.2;14.5;95;1000;15;183;0;
1718514837;6/16/2024 5:13:57 AM;13.2;14.4;95;1000;15;181;0;
1718514897;6/16/2024 5:14:57 AM;13.2;14.5;95;999.9;16;179;0;
1718514957;6/16/2024 5:15:57 AM;13.2;14.6;95;1000;16;176;0;
1718515017;6/16/2024 5:16:57 AM;13.1;14.6;95;999.9;16;174;0;
1718515077;6/16/2024 5:17:57 AM;13.2;14.5;95;999.9;17;174;0;
1718515138;6/16/2024 5:18:58 AM;13.2;14.6;95;999.9;16;174;0;
1718515198;6/16/2024 5:19:58 AM;13.2;14.6;95;999.9;16;175;0;
1718515258;6/16/2024 5:20:58 AM;13.2;14.6;95;999.9;15;176;0;
1718515318;6/16/2024 5:21:58 AM;13.2;14.7;95;999.9;14;175;0;
1718515378;6/16/2024 5:22:58 AM;13.2;14.7;95;999.9;14;174;0;
1718515438;6/16/2024 5:23:58 AM;13.2;14.7;95;999.8;15;175;0;
1718515498;6/16/2024 5:24:58 AM;13.2;14.7;95;999.8;14;174;0;
1718515558;6/16/2024 5:25:58 AM;13.2;14.8;95;999.8;15;176;0;
1718515618;6/16/2024 5:26:58 AM;13.3;14.8;95;999.8;13;177;0;
1718515678;6/16/2024 5:27:58 AM;13.3;14.8;95;999.9;13;179;0;
1718515738;6/16/2024 5:28:58 AM;13.3;14.8;95;999.8;13;180;0;
1718515799;6/16/2024 5:29:59 AM;13.3;14.8;95;999.9;13;180;0;
1718515859;6/16/2024 5:30:59 AM;13.3;14.9;95;999.9;13;181;0;
1718515919;6/16/2024 5:31:59 AM;13.3;14.9;95;999.8;14;181;0;
1718515979;6/16/2024 5:32:59 AM;13.3;14.9;95;999.8;13;183;0;
1718516039;6/16/2024 5:33:59 AM;13.3;14.9;95;999.8;13;184;0;
1718516099;6/16/2024 5:34:59 AM;13.3;14.9;94;999.8;15;183;0;
1718516159;6/16/2024 5:35:59 AM;13.3;14.9;94;999.8;15;184;0;
1718516219;6/16/2024 5:36:59 AM;13.3;15;95;999.8;14;182;0;
1718516279;6/16/2024 5:37:59 AM;13.3;15;95;999.8;14;180;0;
1718516339;6/16/2024 5:38:59 AM;13.4;15;95;999.8;14;181;0;
1718516399;6/16/2024 5:39:59 AM;13.4;15;94;999.8;13;182;0;
1718516460;6/16/2024 5:41:00 AM;13.4;14.9;94;999.9;14;184;0;
1718516520;6/16/2024 5:42:00 AM;13.4;15;94;999.8;14;184;0;
1718516580;6/16/2024 5:43:00 AM;13.4;15;94;999.9;15;184;0;
1718516640;6/16/2024 5:44:00 AM;13.4;15;94;999.9;14;183;0;
1718516700;6/16/2024 5:45:00 AM;13.4;15;94;999.9;14;183;0;
1718516760;6/16/2024 5:46:00 AM;13.4;15;95;999.9;13;181;0;
1718516820;6/16/2024 5:47:00 AM;13.5;15.1;94;999.9;12;176;0;
1718516880;6/16/2024 5:48:00 AM;13.4;15.1;94;999.9;11;175;0;
1718516940;6/16/2024 5:49:00 AM;13.4;15.1;94;999.9;11;171;0;
1718517000;6/16/2024 5:50:00 AM;13.4;15.1;94;999.9;11;170;0;
1718517060;6/16/2024 5:51:00 AM;13.4;15.1;94;999.9;11;176;0;
1718517121;6/16/2024 5:52:01 AM;13.5;15.1;94;999.9;11;173;0;
1718517181;6/16/2024 5:53:01 AM;13.4;15.1;94;999.9;12;175;0;
1718517241;6/16/2024 5:54:01 AM;13.5;15.1;94;1000;12;177;0;
1718517301;6/16/2024 5:55:01 AM;13.5;15.2;94;999.9;12;174;0;
1718517361;6/16/2024 5:56:01 AM;13.5;15.1;94;999.9;13;176;0;
1718517421;6/16/2024 5:57:01 AM;13.5;15.2;94;1000;13;174;0;
1718517481;6/16/2024 5:58:01 AM;13.5;15.2;94;999.9;13;175;0;
1718517541;6/16/2024 5:59:01 AM;13.5;15.2;94;999.9;13;174;0;
1718517601;6/16/2024 6:00:01 AM;13.5;15.2;94;999.9;12;175;0;
1718517661;6/16/2024 6:01:01 AM;13.5;15.2;94;1000;12;176;0;
1718517721;6/16/2024 6:02:01 AM;13.5;15.1;95;1000;12;176;0;
1718517782;6/16/2024 6:03:02 AM;13.6;15.1;94;1000.1;12;177;0;
1718517842;6/16/2024 6:04:02 AM;13.6;15.2;94;1000.1;12;176;0;
1718517902;6/16/2024 6:05:02 AM;13.6;15.2;94;1000.1;12;178;0;
1718517962;6/16/2024 6:06:02 AM;13.6;15.1;95;1000.1;12;179;0;
1718518022;6/16/2024 6:07:02 AM;13.6;15.1;94;1000;12;183;0;
1718518082;6/16/2024 6:08:02 AM;13.6;15.1;94;1000;12;185;0;
1718518142;6/16/2024 6:09:02 AM;13.6;15.2;94;1000;12;183;0;
1718518202;6/16/2024 6:10:02 AM;13.6;15.2;94;1000;11;180;0;
1718518262;6/16/2024 6:11:02 AM;13.6;15.2;94;999.9;11;179;0;
1718518322;6/16/2024 6:12:02 AM;13.6;15.3;94;999.9;10;179;0;
1718518383;6/16/2024 6:13:03 AM;13.6;15.3;94;999.9;10;181;0;
1718518443;6/16/2024 6:14:03 AM;13.7;15.3;95;1000;11;182;0;
1718518503;6/16/2024 6:15:03 AM;13.7;15.5;94;999.9;11;177;0;
1718518563;6/16/2024 6:16:03 AM;13.7;15.5;94;999.9;11;177;0;
1718518623;6/16/2024 6:17:03 AM;13.7;15.5;94;1000;11;178;0;
1718518683;6/16/2024 6:18:03 AM;13.8;15.5;95;1000;11;177;0;
1718518743;6/16/2024 6:19:03 AM;13.8;15.6;94;999.9;11;182;0;
1718518803;6/16/2024 6:20:03 AM;13.8;15.6;94;1000;12;183;0;
1718518863;6/16/2024 6:21:03 AM;13.8;15.6;94;1000;12;184;0;
1718518923;6/16/2024 6:22:03 AM;13.8;15.7;95;1000;12;184;0;
1718518983;6/16/2024 6:23:03 AM;13.9;15.7;95;1000;11;179;0;
1718519044;6/16/2024 6:24:04 AM;13.9;15.7;94;1000;10;175;0;
1718519104;6/16/2024 6:25:04 AM;13.9;15.7;94;1000.1;10;175;0;
1718519164;6/16/2024 6:26:04 AM;13.9;15.8;94;1000.1;10;177;0;
1718519224;6/16/2024 6:27:04 AM;14;15.8;94;1000.1;12;181;0;
1718519284;6/16/2024 6:28:04 AM;14;15.7;94;1000.1;12;185;0;
1718519344;6/16/2024 6:29:04 AM;14;15.8;94;1000.1;12;184;0;
1718519404;6/16/2024 6:30:04 AM;14;15.8;94;1000.1;13;185;0;
1718519464;6/16/2024 6:31:04 AM;14.1;15.8;94;1000.1;12;185;0;
1718519524;6/16/2024 6:32:04 AM;14.1;15.8;94;1000.1;13;183;0;
1718519584;6/16/2024 6:33:04 AM;14.1;15.9;94;1000.1;12;185;0;
1718519644;6/16/2024 6:34:04 AM;14.1;15.9;94;1000.1;13;184;0;
1718519705;6/16/2024 6:35:05 AM;14.2;15.9;94;1000.1;12;188;0;
1718519765;6/16/2024 6:36:05 AM;14.2;15.9;94;1000.1;13;186;0;
1718519825;6/16/2024 6:37:05 AM;14.2;15.9;94;1000.2;13;188;0;
1718519885;6/16/2024 6:38:05 AM;14.3;16;93;1000.2;14;187;0;
1718519945;6/16/2024 6:39:05 AM;14.3;15.9;93;1000.2;14;188;0;
1718520005;6/16/2024 6:40:05 AM;14.3;16;94;1000.2;13;188;0;
1718520065;6/16/2024 6:41:05 AM;14.4;16;94;1000.2;12;190;0;
1718520125;6/16/2024 6:42:05 AM;14.4;16;93;1000.2;12;188;0;
1718520185;6/16/2024 6:43:05 AM;14.4;15.9;93;1000.2;12;190;0;
1718520246;6/16/2024 6:44:06 AM;14.4;15.9;93;1000.2;12;195;0;
1718520306;6/16/2024 6:45:06 AM;14.5;15.9;93;1000.2;13;193;0;
1718520366;6/16/2024 6:46:06 AM;14.5;15.8;93;1000.3;13;196;0;
1718520426;6/16/2024 6:47:06 AM;14.6;15.9;93;1000.3;12;197;0;
1718520486;6/16/2024 6:48:06 AM;14.6;15.9;93;1000.3;12;194;0;
1718520546;6/16/2024 6:49:06 AM;14.7;16;93;1000.3;12;194;0;
1718520606;6/16/2024 6:50:06 AM;14.7;16;93;1000.4;11;200;0;
1718520666;6/16/2024 6:51:06 AM;14.8;16;93;1000.4;10;204;0;
1718520726;6/16/2024 6:52:06 AM;14.9;16.1;93;1000.4;10;205;0;
1718520786;6/16/2024 6:53:06 AM;14.9;16.1;92;1000.3;11;202;0;
1718520846;6/16/2024 6:54:06 AM;14.9;16;92;1000.3;11;198;0;
1718520907;6/16/2024 6:55:07 AM;15;16;92;1000.3;11;192;0;
1718520967;6/16/2024 6:56:07 AM;15.1;16.1;92;1000.4;11;190;0;
1718521027;6/16/2024 6:57:07 AM;15.1;16;91;1000.3;12;190;0;
1718521087;6/16/2024 6:58:07 AM;15.1;16.1;91;1000.4;12;189;0;
1718521147;6/16/2024 6:59:07 AM;15.1;16.1;91;1000.3;13;190;0;
1718521207;6/16/2024 7:00:07 AM;15.2;16.1;91;1000.3;14;189;0;
1718521267;6/16/2024 7:01:07 AM;15.1;16.1;90;1000.4;13;192;0;
1718521327;6/16/2024 7:02:07 AM;15.2;16.1;90;1000.4;13;192;0;
1718521387;6/16/2024 7:03:07 AM;15.2;16.1;90;1000.5;13;190;0;
1718521447;6/16/2024 7:04:07 AM;15.2;16.1;90;1000.4;12;192;0;
1718521508;6/16/2024 7:05:08 AM;15.2;16.1;90;1000.4;12;192;0;
1718521568;6/16/2024 7:06:08 AM;15.3;16.1;90;1000.4;13;191;0;
1718521628;6/16/2024 7:07:08 AM;15.3;16.1;89;1000.4;13;192;0;
1718521688;6/16/2024 7:08:08 AM;15.3;16.1;90;1000.4;15;192;0;
1718521748;6/16/2024 7:09:08 AM;15.4;16.1;90;1000.5;16;192;0;
1718521808;6/16/2024 7:10:08 AM;15.4;16.1;88;1000.5;15;193;0;
1718521868;6/16/2024 7:11:08 AM;15.4;16;89;1000.5;15;191;0;
1718521928;6/16/2024 7:12:08 AM;15.4;16.1;88;1000.5;15;191;0;
1718521988;6/16/2024 7:13:08 AM;15.4;16.1;88;1000.5;14;195;0;
1718522048;6/16/2024 7:14:08 AM;15.5;16.1;89;1000.5;14;194;0;
1718522108;6/16/2024 7:15:08 AM;15.5;16.1;89;1000.5;14;197;0;
1718522169;6/16/2024 7:16:09 AM;15.6;16.1;89;1000.5;13;199;0;
1718522229;6/16/2024 7:17:09 AM;15.6;16.2;88;1000.5;13;195;0;
1718522289;6/16/2024 7:18:09 AM;15.6;16.2;89;1000.4;14;194;0;
1718522349;6/16/2024 7:19:09 AM;15.6;16.3;88;1000.4;14;191;0;
1718522409;6/16/2024 7:20:09 AM;15.6;16.2;88;1000.4;13;194;0;
1718522469;6/16/2024 7:21:09 AM;15.6;16.2;87;1000.5;11;200;0;
1718522529;6/16/2024 7:22:09 AM;15.6;16.2;88;1000.5;8;204;0;
1718522589;6/16/2024 7:23:09 AM;15.6;16.1;87;1000.5;9;211;0;
1718522649;6/16/2024 7:24:09 AM;15.6;16.2;88;1000.5;10;208;0;
1718522709;6/16/2024 7:25:09 AM;15.6;16.1;87;1000.6;12;206;0;
1718522769;6/16/2024 7:26:09 AM;15.5;16.1;86;1000.6;14;207;0;
1718522830;6/16/2024 7:27:10 AM;15.5;16.1;87;1000.6;14;206;0;
1718522890;6/16/2024 7:28:10 AM;15.5;16;87;1000.7;13;217;0;
1718522950;6/16/2024 7:29:10 AM;15.5;16;86;1000.6;13;223;0;
1718523010;6/16/2024 7:30:10 AM;15.5;15.8;85;1000.7;12;236;0;
1718523070;6/16/2024 7:31:10 AM;15.5;15.9;86;1000.7;10;246;0;
1718523130;6/16/2024 7:32:10 AM;15.5;15.9;87;1000.7;9;245;0;
1718523195;6/16/2024 7:33:15 AM;15.5;15.9;87;1000.7;7;240;0;
1718523255;6/16/2024 7:34:15 AM;15.6;15.9;86;1000.7;7;240;0;
1718523320;6/16/2024 7:35:20 AM;15.6;15.8;86;1000.7;7;232;0;
1718523380;6/16/2024 7:36:20 AM;15.6;15.8;86;1000.7;8;240;0;
1718523440;6/16/2024 7:37:20 AM;15.6;15.9;87;1000.7;9;243;0;
1718523501;6/16/2024 7:38:21 AM;15.6;15.8;87;1000.7;9;237;0;
1718523561;6/16/2024 7:39:21 AM;15.8;15.9;87;1000.7;9;236;0;
1718523621;6/16/2024 7:40:21 AM;15.9;15.9;86;1000.7;8;231;0;
1718523681;6/16/2024 7:41:21 AM;15.9;15.9;85;1000.7;8;239;0;
1718523741;6/16/2024 7:42:21 AM;16;15.9;84;1000.8;8;236;0;
1718523801;6/16/2024 7:43:21 AM;16;15.9;83;1000.7;9;234;0;
1718523861;6/16/2024 7:44:21 AM;16;16;84;1000.8;9;233;0;
1718523921;6/16/2024 7:45:21 AM;16;15.9;82;1000.7;10;229;0;
1718523986;6/16/2024 7:46:26 AM;16.1;15.9;82;1000.8;11;239;0;
1718524046;6/16/2024 7:47:26 AM;16.1;15.8;80;1000.7;9;233;0;
1718524106;6/16/2024 7:48:26 AM;16.2;15.8;80;1000.7;10;243;0;
1718524166;6/16/2024 7:49:26 AM;16.2;15.7;80;1000.7;9;250;0;
1718524227;6/16/2024 7:50:27 AM;16.2;15.5;79;1000.7;9;252;0;
1718524287;6/16/2024 7:51:27 AM;16.2;15.6;80;1000.6;9;265;0;
1718524347;6/16/2024 7:52:27 AM;16.3;15.8;80;1000.7;9;260;0;
1718524407;6/16/2024 7:53:27 AM;16.4;15.6;79;1000.6;9;259;0;
1718524467;6/16/2024 7:54:27 AM;16.4;15.7;78;1000.7;10;243;0;
1718524527;6/16/2024 7:55:27 AM;16.3;15.6;78;1000.7;11;238;0;
1718524587;6/16/2024 7:56:27 AM;16.4;15.7;78;1000.7;12;236;0;
1718524647;6/16/2024 7:57:27 AM;16.4;15.7;79;1000.7;12;220;0;
1718524707;6/16/2024 7:58:27 AM;16.4;15.7;79;1000.6;11;230;0;
1718524767;6/16/2024 7:59:27 AM;16.4;15.7;79;1000.6;10;227;0;
1718524828;6/16/2024 8:00:28 AM;16.5;15.9;79;1000.6;10;218;0;
1718524888;6/16/2024 8:01:28 AM;16.5;15.8;79;1000.6;11;216;0;
1718524948;6/16/2024 8:02:28 AM;16.5;15.7;78;1000.7;10;210;0;
1718525008;6/16/2024 8:03:28 AM;16.5;15.8;78;1000.7;11;204;0;
1718525068;6/16/2024 8:04:28 AM;16.5;15.9;78;1000.7;11;204;0;
1718525128;6/16/2024 8:05:28 AM;16.5;15.8;77;1000.7;11;207;0;
1718525188;6/16/2024 8:06:28 AM;16.5;15.9;78;1000.7;11;208;0;
1718525248;6/16/2024 8:07:28 AM;16.6;15.8;78;1000.7;11;215;0;
1718525308;6/16/2024 8:08:28 AM;16.6;15.9;79;1000.8;9;223;0;
1718525368;6/16/2024 8:09:28 AM;16.6;15.9;79;1000.7;9;223;0;
1718525428;6/16/2024 8:10:28 AM;16.6;16;79;1000.7;7;225;0;
1718525489;6/16/2024 8:11:29 AM;16.7;16;79;1000.7;7;230;0;
1718525549;6/16/2024 8:12:29 AM;16.7;15.9;79;1000.8;6;235;0;
1718525609;6/16/2024 8:13:29 AM;16.8;16;78;1000.8;6;225;0;
1718525669;6/16/2024 8:14:29 AM;16.8;16.1;77;1000.7;6;227;0;
1718525729;6/16/2024 8:15:29 AM;16.8;16.1;75;1000.7;8;222;0;
1718525789;6/16/2024 8:16:29 AM;16.7;16.1;76;1000.7;8;214;0;
1718525849;6/16/2024 8:17:29 AM;16.8;16.2;77;1000.7;9;216;0;
1718525909;6/16/2024 8:18:29 AM;16.8;16.2;75;1000.7;9;243;0;
1718525969;6/16/2024 8:19:29 AM;16.8;16;72;1000.7;9;252;0;
1718526030;6/16/2024 8:20:30 AM;16.7;16.2;73;1000.7;9;245;0;
1718526094;6/16/2024 8:21:34 AM;16.7;16.2;75;1000.8;8;255;0;
1718526155;6/16/2024 8:22:35 AM;16.8;16.3;73;1000.7;9;245;0;
1718526220;6/16/2024 8:23:40 AM;16.8;16.1;71;1000.8;9;238;0;
1718526280;6/16/2024 8:24:40 AM;16.7;16.1;71;1000.7;10;247;0;
1718526340;6/16/2024 8:25:40 AM;16.8;16.3;72;1000.7;11;236;0;
1718526400;6/16/2024 8:26:40 AM;16.8;16.2;72;1000.7;11;234;0;
1718526460;6/16/2024 8:27:40 AM;16.8;16.1;73;1000.7;10;229;0;
1718526520;6/16/2024 8:28:40 AM;16.8;16.2;72;1000.8;11;223;0;
1718526580;6/16/2024 8:29:40 AM;16.8;16.1;72;1000.7;10;225;0;
1718526640;6/16/2024 8:30:40 AM;16.9;16.2;74;1000.7;10;230;0;
1718526700;6/16/2024 8:31:40 AM;17;16.1;73;1000.8;9;234;0;
1718526761;6/16/2024 8:32:41 AM;17;16.3;72;1000.7;7;228;0;
1718526821;6/16/2024 8:33:41 AM;17;16.2;72;1000.7;7;237;0;
1718526881;6/16/2024 8:34:41 AM;17;16.2;71;1000.7;8;238;0;
1718526941;6/16/2024 8:35:41 AM;16.9;16.3;72;1000.7;8;242;0;
1718527001;6/16/2024 8:36:41 AM;16.9;16.3;71;1000.7;8;243;0;
1718527061;6/16/2024 8:37:41 AM;16.9;16.4;72;1000.7;8;241;0;
1718527121;6/16/2024 8:38:41 AM;17;16.4;73;1000.7;8;236;0;
1718527181;6/16/2024 8:39:41 AM;17;16.4;72;1000.7;8;238;0;
1718527241;6/16/2024 8:40:41 AM;17;16.4;71;1000.7;8;239;0;
1718527301;6/16/2024 8:41:41 AM;17;16.3;72;1000.8;8;246;0;
1718527361;6/16/2024 8:42:41 AM;17;16.2;72;1000.8;8;253;0;
1718527422;6/16/2024 8:43:42 AM;17.1;16.2;70;1000.9;9;251;0;
1718527482;6/16/2024 8:44:42 AM;17.1;16.3;71;1000.9;10;248;0;
1718527542;6/16/2024 8:45:42 AM;17.1;16.4;70;1000.9;10;243;0;
1718527602;6/16/2024 8:46:42 AM;17.1;16.4;71;1001;10;227;0;
1718527662;6/16/2024 8:47:42 AM;17.1;16.4;70;1000.9;9;230;0;
1718527722;6/16/2024 8:48:42 AM;17.2;16.5;71;1001;9;240;0;
1718527782;6/16/2024 8:49:42 AM;17.2;16.5;71;1000.9;9;240;0;
1718527842;6/16/2024 8:50:42 AM;17.2;16.4;71;1000.9;8;249;0;
1718527902;6/16/2024 8:51:42 AM;17.2;16.5;71;1001;8;251;0;
1718527962;6/16/2024 8:52:42 AM;17.1;16.6;71;1000.9;9;247;0;
1718528022;6/16/2024 8:53:42 AM;17.1;16.6;73;1000.9;9;241;0;
1718528083;6/16/2024 8:54:43 AM;17.1;16.7;72;1000.9;9;225;0;
1718528143;6/16/2024 8:55:43 AM;17.1;16.9;72;1000.9;9;214;0;
1718528203;6/16/2024 8:56:43 AM;17.2;17;72;1000.9;9;201;0;
1718528263;6/16/2024 8:57:43 AM;17.2;17;73;1000.9;9;197;0;
1718528323;6/16/2024 8:58:43 AM;17.2;16.9;72;1000.9;9;205;0;
1718528383;6/16/2024 8:59:43 AM;17.3;16.7;72;1000.9;9;230;0;
1718528443;6/16/2024 9:00:43 AM;17.3;16.5;72;1000.9;9;240;0;
1718528503;6/16/2024 9:01:43 AM;17.2;16.7;72;1000.8;9;239;0;
1718528563;6/16/2024 9:02:43 AM;17.2;16.9;73;1000.9;9;244;0;
1718528623;6/16/2024 9:03:43 AM;17.2;16.8;72;1000.8;9;236;0;
1718528683;6/16/2024 9:04:43 AM;17.2;16.9;72;1000.8;10;229;0;
1718528744;6/16/2024 9:05:44 AM;17.2;17;72;1000.8;9;221;0;
1718528804;6/16/2024 9:06:44 AM;17.2;17.1;73;1000.8;8;219;0;
1718528864;6/16/2024 9:07:44 AM;17.3;17.2;74;1000.7;8;212;0;
1718528924;6/16/2024 9:08:44 AM;17.4;17.3;74;1000.7;8;207;0;
1718528984;6/16/2024 9:09:44 AM;17.4;17.4;72;1000.7;8;207;0;
1718529044;6/16/2024 9:10:44 AM;17.4;17.3;72;1000.7;8;210;0;
1718529104;6/16/2024 9:11:44 AM;17.5;17.4;71;1000.7;8;202;0;
1718529164;6/16/2024 9:12:44 AM;17.4;17.3;71;1000.7;8;204;0;
1718529224;6/16/2024 9:13:44 AM;17.4;17.3;69;1000.8;8;207;0;
1718529284;6/16/2024 9:14:44 AM;17.4;17.3;69;1000.8;9;195;0;
1718529345;6/16/2024 9:15:45 AM;17.4;17.4;69;1000.8;9;204;0;
1718529405;6/16/2024 9:16:45 AM;17.5;17.1;69;1000.8;9;217;0;
1718529465;6/16/2024 9:17:45 AM;17.5;17.2;69;1000.8;9;226;0;
1718529525;6/16/2024 9:18:45 AM;17.5;17.2;69;1000.8;8;242;0;
1718529585;6/16/2024 9:19:45 AM;17.5;17.2;71;1000.9;8;242;0;
1718529650;6/16/2024 9:20:50 AM;17.5;17.3;71;1000.9;8;239;0;
1718529710;6/16/2024 9:21:50 AM;17.4;17.2;70;1001;9;241;0;
1718529770;6/16/2024 9:22:50 AM;17.4;17.4;71;1001;9;228;0;
1718529830;6/16/2024 9:23:50 AM;17.4;17.5;70;1001.1;10;222;0;
1718529890;6/16/2024 9:24:50 AM;17.3;17.2;70;1001;10;218;0;
1718529951;6/16/2024 9:25:51 AM;17.3;17.4;71;1001;10;211;0;
1718530011;6/16/2024 9:26:51 AM;17.4;17.5;71;1001;10;209;0;
1718530071;6/16/2024 9:27:51 AM;17.5;17.6;70;1000.9;10;216;0;
1718530131;6/16/2024 9:28:51 AM;17.5;17.7;71;1001;10;213;0;
1718530191;6/16/2024 9:29:51 AM;17.5;17.7;71;1001;10;208;0;
1718530251;6/16/2024 9:30:51 AM;17.6;17.6;69;1001;10;216;0;
1718530311;6/16/2024 9:31:51 AM;17.5;17.6;68;1001;10;222;0;
1718530371;6/16/2024 9:32:51 AM;17.5;17.7;70;1001;11;221;0;
1718530431;6/16/2024 9:33:51 AM;17.5;17.9;71;1001;11;221;0;
1718530491;6/16/2024 9:34:51 AM;17.6;18;70;1001;10;217;0;
1718530551;6/16/2024 9:35:51 AM;17.6;18;71;1001;10;211;0;
1718530611;6/16/2024 9:36:51 AM;17.6;18;70;1001;10;203;0;
1718530672;6/16/2024 9:37:52 AM;17.5;18.1;70;1001;9;196;0;
1718530732;6/16/2024 9:38:52 AM;17.5;18.2;72;1001;9;194;0;
1718530792;6/16/2024 9:39:52 AM;17.5;18.3;71;1001;9;195;0;
1718530852;6/16/2024 9:40:52 AM;17.5;18.2;71;1001;8;199;0;
1718530912;6/16/2024 9:41:52 AM;17.5;18.2;70;1001;9;210;0;
1718530972;6/16/2024 9:42:52 AM;17.5;18.2;71;1001;9;208;0;
1718531032;6/16/2024 9:43:52 AM;17.5;18.2;70;1001.1;9;202;0;
1718531092;6/16/2024 9:44:52 AM;17.5;18.2;71;1001.1;10;200;0;
1718531152;6/16/2024 9:45:52 AM;17.5;18.1;71;1001.1;9;198;0;
1718531212;6/16/2024 9:46:52 AM;17.5;18.2;71;1001.1;9;200;0;
1718531273;6/16/2024 9:47:53 AM;17.6;18.2;70;1001.2;9;205;0;
1718531333;6/16/2024 9:48:53 AM;17.5;18;70;1001.2;9;212;0;
1718531393;6/16/2024 9:49:53 AM;17.5;18;70;1001.1;9;210;0;
1718531453;6/16/2024 9:50:53 AM;17.5;18.1;70;1001.2;9;211;0;
1718531513;6/16/2024 9:51:53 AM;17.4;18;70;1001.2;10;212;0;
1718531573;6/16/2024 9:52:53 AM;17.4;18.1;70;1001.2;9;205;0;
1718531633;6/16/2024 9:53:53 AM;17.4;18.1;70;1001.2;9;203;0;
1718531693;6/16/2024 9:54:53 AM;17.4;18.2;70;1001.2;9;203;0;
1718531753;6/16/2024 9:55:53 AM;17.4;18.2;70;1001.1;9;194;0;
1718531813;6/16/2024 9:56:53 AM;17.4;18.3;70;1001.2;10;195;0;
1718531874;6/16/2024 9:57:54 AM;17.4;18.2;70;1001.2;10;197;0;
1718531934;6/16/2024 9:58:54 AM;17.4;18.1;70;1001.2;10;199;0;
1718531994;6/16/2024 9:59:54 AM;17.4;18.2;70;1001.2;10;201;0;
1718532054;6/16/2024 10:00:54 AM;17.4;18.2;70;1001.2;10;203;0;
1718532114;6/16/2024 10:01:54 AM;17.4;18;70;1001.2;10;204;0;
1718532174;6/16/2024 10:02:54 AM;17.4;18;70;1001.2;10;204;0;
1718532234;6/16/2024 10:03:54 AM;17.4;18.1;69;1001.2;9;203;0;
1718532294;6/16/2024 10:04:54 AM;17.4;18.1;68;1001.2;9;200;0;
1718532354;6/16/2024 10:05:54 AM;17.4;18.2;69;1001.2;9;199;0;
1718532414;6/16/2024 10:06:54 AM;17.5;18.2;68;1001.2;9;199;0;
1718532474;6/16/2024 10:07:54 AM;17.5;18.1;68;1001.2;8;201;0;
1718532534;6/16/2024 10:08:54 AM;17.5;17.9;67;1001.2;8;204;0;
1718532595;6/16/2024 10:09:55 AM;17.5;18;67;1001.1;8;211;0;
1718532655;6/16/2024 10:10:55 AM;17.5;18;66;1001.1;8;210;0;
1718532715;6/16/2024 10:11:55 AM;17.5;18.1;66;1001.2;9;204;0;
1718532775;6/16/2024 10:12:55 AM;17.5;18.1;66;1001.2;10;199;0;
1718532835;6/16/2024 10:13:55 AM;17.5;18.1;66;1001.3;11;196;0;
1718532895;6/16/2024 10:14:55 AM;17.4;17.8;65;1001.3;12;195;0;
1718532955;6/16/2024 10:15:55 AM;17.3;17.7;65;1001.2;12;200;0;
1718533015;6/16/2024 10:16:55 AM;17.3;17.8;65;1001.2;12;209;0;
1718533075;6/16/2024 10:17:55 AM;17.3;17.7;65;1001.2;12;210;0;
1718533135;6/16/2024 10:18:55 AM;17.3;17.4;65;1001.3;10;229;0;
1718533196;6/16/2024 10:19:56 AM;17.2;17.6;66;1001.3;9;225;0;
1718533256;6/16/2024 10:20:56 AM;17.3;17.6;67;1001.3;8;222;0;
1718533316;6/16/2024 10:21:56 AM;17.3;17.5;68;1001.3;8;219;0;
1718533376;6/16/2024 10:22:56 AM;17.4;17.6;67;1001.3;7;214;0;
1718533436;6/16/2024 10:23:56 AM;17.4;17.7;67;1001.3;7;222;0;
1718533496;6/16/2024 10:24:56 AM;17.4;17.6;66;1001.3;7;234;0;
1718533556;6/16/2024 10:25:56 AM;17.5;17.6;67;1001.3;7;238;0;
1718533616;6/16/2024 10:26:56 AM;17.4;17.6;66;1001.3;6;243;0;
1718533676;6/16/2024 10:27:56 AM;17.5;17.6;66;1001.3;6;237;0;
1718533736;6/16/2024 10:28:56 AM;17.5;17.6;67;1001.3;6;230;0;
1718533797;6/16/2024 10:29:57 AM;17.5;17.6;67;1001.3;5;221;0;
1718533857;6/16/2024 10:30:57 AM;17.5;17.6;67;1001.4;6;232;0;
1718533917;6/16/2024 10:31:57 AM;17.5;17.7;67;1001.4;5;231;0;
1718533977;6/16/2024 10:32:57 AM;17.5;17.4;67;1001.4;6;234;0;
1718534037;6/16/2024 10:33:57 AM;17.5;17.5;67;1001.4;6;237;0;
1718534097;6/16/2024 10:34:57 AM;17.5;17.6;68;1001.4;6;227;0;
1718534157;6/16/2024 10:35:57 AM;17.5;17.6;68;1001.4;6;229;0;
1718534217;6/16/2024 10:36:57 AM;17.5;17.4;69;1001.4;6;234;0;
1718534277;6/16/2024 10:37:57 AM;17.5;17.4;69;1001.4;6;230;0;
1718534337;6/16/2024 10:38:57 AM;17.5;17.5;69;1001.4;7;236;0;
1718534397;6/16/2024 10:39:57 AM;17.5;17.6;69;1001.4;8;237;0;
1718534457;6/16/2024 10:40:57 AM;17.5;17.6;70;1001.4;7;238;0;
1718534517;6/16/2024 10:41:57 AM;17.5;17.6;70;1001.4;8;233;0;
1718534578;6/16/2024 10:42:58 AM;17.5;17.6;70;1001.4;7;235;0;
1718534638;6/16/2024 10:43:58 AM;17.5;17.5;70;1001.4;7;231;0;
1718534698;6/16/2024 10:44:58 AM;17.5;17.6;70;1001.4;6;225;0;
1718534758;6/16/2024 10:45:58 AM;17.6;17.6;69;1001.4;6;220;0;
1718534818;6/16/2024 10:46:58 AM;17.6;17.4;69;1001.4;6;215;0;
1718534878;6/16/2024 10:47:58 AM;17.5;17.4;69;1001.5;7;221;0;
1718534938;6/16/2024 10:48:58 AM;17.4;17.4;70;1001.5;8;228;0;
1718534998;6/16/2024 10:49:58 AM;17.4;17.4;70;1001.5;8;234;0;
1718535058;6/16/2024 10:50:58 AM;17.4;17.4;70;1001.5;8;232;0;
1718535118;6/16/2024 10:51:58 AM;17.4;17.4;70;1001.5;7;220;0;
1718535179;6/16/2024 10:52:59 AM;17.3;17.4;70;1001.5;7;217;0;
1718535239;6/16/2024 10:53:59 AM;17.3;17.2;70;1001.5;7;223;0;
1718535299;6/16/2024 10:54:59 AM;17.3;17.4;71;1001.6;7;220;0;
1718535359;6/16/2024 10:55:59 AM;17.3;17.5;71;1001.6;7;226;0;
1718535419;6/16/2024 10:56:59 AM;17.3;17.5;71;1001.6;8;242;0;
1718535479;6/16/2024 10:57:59 AM;17.2;17.3;71;1001.6;8;242;0;
1718535539;6/16/2024 10:58:59 AM;17.2;17.4;71;1001.6;8;231;0;
1718535599;6/16/2024 10:59:59 AM;17.1;17.5;71;1001.7;9;218;0;
1718535659;6/16/2024 11:00:59 AM;17;17.6;71;1001.7;9;216;0;
1718535719;6/16/2024 11:01:59 AM;17;17.6;72;1001.6;10;201;0;
1718535779;6/16/2024 11:02:59 AM;17;17.6;72;1001.7;9;202;0;
1718535840;6/16/2024 11:04:00 AM;16.9;17.6;72;1001.6;9;195;0;
1718535900;6/16/2024 11:05:00 AM;17;17.7;72;1001.6;9;194;0;
1718535960;6/16/2024 11:06:00 AM;16.9;17.7;72;1001.6;9;193;0;
1718536020;6/16/2024 11:07:00 AM;16.8;17.7;72;1001.6;10;189;0;
1718536085;6/16/2024 11:08:05 AM;16.9;17.6;73;1001.6;11;193;0;
1718536145;6/16/2024 11:09:05 AM;16.8;17.6;73;1001.6;11;198;0;
1718536210;6/16/2024 11:10:10 AM;16.8;17.6;72;1001.6;10;205;0;
1718536270;6/16/2024 11:11:10 AM;16.8;17.7;73;1001.6;9;202;0;
1718536330;6/16/2024 11:12:10 AM;16.7;17.7;73;1001.6;8;205;0;
1718536391;6/16/2024 11:13:11 AM;16.7;17.7;73;1001.6;8;204;0;
1718536451;6/16/2024 11:14:11 AM;16.7;17.7;74;1001.7;8;204;0;
1718536511;6/16/2024 11:15:11 AM;16.8;17.6;73;1001.7;8;207;0;
1718536571;6/16/2024 11:16:11 AM;16.7;17.4;73;1001.7;8;210;0;
1718536636;6/16/2024 11:17:16 AM;16.7;17.4;73;1001.7;8;215;0;
1718536696;6/16/2024 11:18:16 AM;16.7;17.4;73;1001.7;8;217;0;
1718536756;6/16/2024 11:19:16 AM;16.6;17.5;73;1001.7;8;221;0;
1718536816;6/16/2024 11:20:16 AM;16.6;17.3;74;1001.7;8;226;0;
1718536876;6/16/2024 11:21:16 AM;16.6;17.3;74;1001.7;8;229;0;
1718536936;6/16/2024 11:22:16 AM;16.6;17.4;73;1001.7;8;230;0;
1718536997;6/16/2024 11:23:17 AM;16.6;17.5;74;1001.8;7;230;0;
1718537057;6/16/2024 11:24:17 AM;16.6;17.6;74;1001.8;7;226;0;
1718537117;6/16/2024 11:25:17 AM;16.7;17.5;74;1001.7;7;226;0;
1718537177;6/16/2024 11:26:17 AM;16.8;17.5;74;1001.7;6;224;0;
1718537237;6/16/2024 11:27:17 AM;16.8;17.6;74;1001.8;5;210;0;
1718537297;6/16/2024 11:28:17 AM;16.8;17.5;74;1001.8;6;226;0;
1718537357;6/16/2024 11:29:17 AM;16.9;17.6;74;1001.8;6;219;0;
1718537417;6/16/2024 11:30:17 AM;16.9;17.6;74;1001.8;6;217;0;
1718537512;6/16/2024 11:31:52 AM;16.9;17.7;74;1001.8;7;217;0;
1718537572;6/16/2024 11:32:52 AM;16.9;17.5;74;1001.8;7;210;0;
1718537632;6/16/2024 11:33:52 AM;16.9;17.6;74;1001.8;7;209;0;
1718537692;6/16/2024 11:34:52 AM;16.9;17.5;74;1001.8;7;212;0;
1718537753;6/16/2024 11:35:53 AM;16.8;17.6;74;1001.7;8;217;0;
1718537817;6/16/2024 11:36:57 AM;16.8;17.6;74;1001.8;8;224;0;
1718537878;6/16/2024 11:37:58 AM;16.8;17.3;74;1001.8;8;236;0;
1718537938;6/16/2024 11:38:58 AM;16.8;17.4;74;1001.8;8;234;0;
1718538003;6/16/2024 11:40:03 AM;16.8;17.5;74;1001.8;7;236;0;
1718538063;6/16/2024 11:41:03 AM;16.7;17.5;74;1001.8;7;235;0;
1718538124;6/16/2024 11:42:04 AM;16.7;17.5;74;1001.9;8;223;0;
1718538188;6/16/2024 11:43:08 AM;16.7;17.4;75;1001.9;8;223;0;
1718538248;6/16/2024 11:44:08 AM;16.7;17.5;74;1001.9;8;216;0;
1718538309;6/16/2024 11:45:09 AM;16.7;17.5;74;1001.9;8;206;0;
1718538374;6/16/2024 11:46:14 AM;16.6;17.3;74;1001.9;8;205;0;
1718538434;6/16/2024 11:47:14 AM;16.6;17.4;75;1001.9;8;197;0;
1718538494;6/16/2024 11:48:14 AM;16.5;17.4;77;1001.8;8;195;0;
1718538554;6/16/2024 11:49:14 AM;16.5;17.4;77;1001.9;9;195;0;
1718538614;6/16/2024 11:50:14 AM;16.5;17.3;78;1001.9;8;192;0;
1718538674;6/16/2024 11:51:14 AM;16.5;17.3;79;1001.9;8;193;0;
1718538734;6/16/2024 11:52:14 AM;16.4;17.3;79;1001.9;8;192;0;
1718538794;6/16/2024 11:53:14 AM;16.3;17.3;79;1001.8;9;190;0;
1718538854;6/16/2024 11:54:14 AM;16.2;17.2;80;1001.8;10;188;0;
1718538919;6/16/2024 11:55:19 AM;16.1;17.3;81;1001.8;10;182;0;
1718538980;6/16/2024 11:56:20 AM;16.1;17.2;80;1001.7;9;182;0;
1718539040;6/16/2024 11:57:20 AM;16;17.2;82;1001.7;9;180;0;
1718539100;6/16/2024 11:58:20 AM;15.9;17.2;82;1001.7;8;177;0;
1718539160;6/16/2024 11:59:20 AM;15.9;17.2;82;1001.8;9;176;0;
1718539220;6/16/2024 12:00:20 PM;15.9;17.2;83;1001.8;8;178;0;
1718539280;6/16/2024 12:01:20 PM;15.8;17.2;83;1001.8;8;176;0;
1718539340;6/16/2024 12:02:20 PM;15.8;17.3;83;1001.8;8;174;0;
1718539400;6/16/2024 12:03:20 PM;15.7;17.3;84;1001.9;8;173;0;
1718539460;6/16/2024 12:04:20 PM;15.6;17.3;83;1001.9;8;174;0;
1718539520;6/16/2024 12:05:20 PM;15.6;17.3;84;1001.9;8;172;0;
1718539580;6/16/2024 12:06:20 PM;15.5;17.3;84;1001.9;8;171;0;
1718539641;6/16/2024 12:07:21 PM;15.4;17.3;84;1001.9;8;170;0;
1718539701;6/16/2024 12:08:21 PM;15.4;17.3;86;1001.9;8;172;0;
1718539761;6/16/2024 12:09:21 PM;15.4;17.3;86;1001.9;8;175;0;
1718539821;6/16/2024 12:10:21 PM;15.4;17.3;86;1001.9;8;177;0;
1718539881;6/16/2024 12:11:21 PM;15.4;17.2;86;1001.9;8;178;0;
1718539941;6/16/2024 12:12:21 PM;15.3;17.3;86;1001.9;8;179;0;
1718540001;6/16/2024 12:13:21 PM;15.4;17.2;86;1001.9;7;178;0;
1718540061;6/16/2024 12:14:21 PM;15.3;17.3;86;1001.9;7;175;0;
1718540121;6/16/2024 12:15:21 PM;15.3;17.3;86;1001.9;7;173;0;
1718540186;6/16/2024 12:16:26 PM;15.3;17.3;86;1001.9;7;179;0;
1718540246;6/16/2024 12:17:26 PM;15.3;17.3;87;1001.9;7;183;0;
1718540306;6/16/2024 12:18:26 PM;15.3;17.3;86;1001.9;6;185;0;
1718540367;6/16/2024 12:19:27 PM;15.3;17.3;86;1001.9;6;188;0;
1718540427;6/16/2024 12:20:27 PM;15.4;17.3;86;1001.9;7;190;0;
1718540487;6/16/2024 12:21:27 PM;15.3;17.3;85;1001.9;7;188;0;
1718540547;6/16/2024 12:22:27 PM;15.3;17.3;85;1001.9;7;190;0;
1718540607;6/16/2024 12:23:27 PM;15.2;17.3;87;1001.9;8;186;0;
1718540667;6/16/2024 12:24:27 PM;15.2;17.3;86;1001.9;8;184;0;
1718540727;6/16/2024 12:25:27 PM;15.2;17.3;87;1002;8;184;0;
1718540787;6/16/2024 12:26:27 PM;15.2;17.2;87;1001.9;8;184;0;
1718540847;6/16/2024 12:27:27 PM;15.2;17.2;87;1001.9;8;178;0;
1718540907;6/16/2024 12:28:27 PM;15.2;17.2;86;1001.8;7;177;0;
1718540967;6/16/2024 12:29:27 PM;15.2;17.3;87;1001.8;7;176;0;
1718541028;6/16/2024 12:30:28 PM;15.2;17.3;87;1001.8;7;172;0;
1718541088;6/16/2024 12:31:28 PM;15.1;17.3;88;1001.9;6;168;0;
1718541148;6/16/2024 12:32:28 PM;15.1;17.3;87;1001.9;6;168;0;
1718541208;6/16/2024 12:33:28 PM;15.2;17.4;88;1001.9;6;172;0;
1718541268;6/16/2024 12:34:28 PM;15.1;17.4;88;1001.8;5;171;0;
1718541328;6/16/2024 12:35:28 PM;15.1;17.4;87;1001.8;6;174;0;
1718541388;6/16/2024 12:36:28 PM;15.1;17.5;87;1001.8;6;176;0;
1718541448;6/16/2024 12:37:28 PM;15.1;17.5;87;1001.8;6;175;0;
1718541508;6/16/2024 12:38:28 PM;15;17.5;88;1001.8;6;173;0;
1718541569;6/16/2024 12:39:29 PM;15.1;17.6;88;1001.8;6;174;0;
1718541629;6/16/2024 12:40:29 PM;15.1;17.7;88;1001.9;5;172;0;
1718541689;6/16/2024 12:41:29 PM;15.1;17.7;88;1001.9;5;172;0;
1718541749;6/16/2024 12:42:29 PM;15.1;17.7;88;1001.9;5;174;0;
1718541809;6/16/2024 12:43:29 PM;15.1;17.7;88;1001.9;5;174;0;
1718541869;6/16/2024 12:44:29 PM;15.1;17.7;87;1001.9;6;174;0;
1718541929;6/16/2024 12:45:29 PM;15.1;17.8;87;1001.9;6;174;0;
1718541989;6/16/2024 12:46:29 PM;15.1;17.8;87;1001.8;6;170;0;
1718542049;6/16/2024 12:47:29 PM;15.1;17.8;88;1001.8;6;168;0;
1718542109;6/16/2024 12:48:29 PM;15.1;17.9;87;1001.8;5;169;0;
1718542169;6/16/2024 12:49:29 PM;15.1;17.9;88;1001.8;5;169;0;
1718542229;6/16/2024 12:50:29 PM;15.1;18;87;1001.9;5;171;0;
1718542290;6/16/2024 12:51:30 PM;15.1;17.9;87;1001.9;5;175;0;
1718542350;6/16/2024 12:52:30 PM;15.1;17.9;87;1002;6;179;0;
1718542410;6/16/2024 12:53:30 PM;15.1;17.9;87;1002;6;180;0;
1718542470;6/16/2024 12:54:30 PM;15.1;17.9;87;1002;6;180;0;
1718542537;6/16/2024 12:55:37 PM;15.1;17.9;87;1002;7;177;0;
1718542600;6/16/2024 12:56:40 PM;15.2;18.1;87;1001.9;6;176;0;
1718542660;6/16/2024 12:57:40 PM;15.2;18;87;1001.9;7;176;0;
1718542720;6/16/2024 12:58:40 PM;15.1;18.1;87;1001.9;6;177;0;
1718542780;6/16/2024 12:59:40 PM;15.2;18.2;88;1001.9;6;177;0;
1718542840;6/16/2024 1:00:40 PM;15.2;18.3;88;1001.9;6;180;0;
1718542900;6/16/2024 1:01:40 PM;15.2;18.3;87;1001.9;6;176;0;
1718542961;6/16/2024 1:02:41 PM;15.2;18.4;88;1001.9;6;176;0;
1718543021;6/16/2024 1:03:41 PM;15.2;18.5;88;1001.9;6;173;0;
1718543081;6/16/2024 1:04:41 PM;15.2;18.8;87;1001.9;6;169;0;
1718543141;6/16/2024 1:05:41 PM;15.1;19;87;1001.9;6;169;1;
1718543201;6/16/2024 1:06:41 PM;15.1;19.1;87;1001.8;6;169;0;
1718543261;6/16/2024 1:07:41 PM;15.2;19.5;88;1001.8;6;165;0;
1718543321;6/16/2024 1:08:41 PM;15.2;20;88;1001.8;6;167;0;
1718543381;6/16/2024 1:09:41 PM;15.2;20.6;88;1001.8;5;172;0;
1718543441;6/16/2024 1:10:41 PM;15.3;21;88;1001.8;5;176;0;
1718543501;6/16/2024 1:11:41 PM;15.3;21;89;1001.8;6;180;0;
1718543562;6/16/2024 1:12:42 PM;15.4;20.8;89;1001.8;6;178;0;
1718543622;6/16/2024 1:13:42 PM;15.4;20.7;88;1001.9;5;174;0;
1718543682;6/16/2024 1:14:42 PM;15.4;20.7;87;1001.9;6;171;0;
1718543742;6/16/2024 1:15:42 PM;15.4;20.7;87;1001.9;5;166;0;
1718543802;6/16/2024 1:16:42 PM;15.4;20.7;88;1001.9;5;162;0;
1718543862;6/16/2024 1:17:42 PM;15.4;20.6;87;1001.9;6;165;0;
1718543922;6/16/2024 1:18:42 PM;15.4;20.7;88;1001.9;6;168;0;
1718543982;6/16/2024 1:19:42 PM;15.4;20.8;88;1001.8;6;170;0;
1718544042;6/16/2024 1:20:42 PM;15.5;20.8;89;1001.8;7;170;0;
1718544102;6/16/2024 1:21:42 PM;15.5;20.8;88;1001.8;7;170;0;
1718544163;6/16/2024 1:22:43 PM;15.6;20.7;87;1001.8;7;170;0;
1718544228;6/16/2024 1:23:48 PM;15.5;20.7;87;1001.8;7;171;0;
1718544288;6/16/2024 1:24:48 PM;15.6;20.6;86;1001.8;8;167;0;
1718544348;6/16/2024 1:25:48 PM;15.6;20.4;85;1001.8;7;165;0;
1718544408;6/16/2024 1:26:48 PM;15.6;20.4;86;1001.8;7;162;0;
1718544468;6/16/2024 1:27:48 PM;15.6;20.3;85;1001.8;7;162;0;
1718544528;6/16/2024 1:28:48 PM;15.6;20.1;85;1001.8;8;164;0;
1718544588;6/16/2024 1:29:48 PM;15.6;20;83;1001.8;7;169;0;
1718544648;6/16/2024 1:30:48 PM;15.6;19.9;84;1001.8;7;173;0;
1718544708;6/16/2024 1:31:48 PM;15.6;19.9;84;1001.8;7;181;0;
1718544768;6/16/2024 1:32:48 PM;15.6;20;86;1001.8;7;181;0;
1718544828;6/16/2024 1:33:48 PM;15.6;20;86;1001.8;6;183;0;
1718544889;6/16/2024 1:34:49 PM;15.6;20;85;1001.8;7;184;0;
1718544949;6/16/2024 1:35:49 PM;15.7;19.9;84;1001.8;7;188;0;
1718545009;6/16/2024 1:36:49 PM;15.6;19.9;84;1001.9;7;189;0;
1718545069;6/16/2024 1:37:49 PM;15.6;19.9;85;1001.9;8;189;0;
1718545129;6/16/2024 1:38:49 PM;15.6;19.9;84;1001.9;8;186;1;
1718545194;6/16/2024 1:39:54 PM;15.6;20;86;1001.9;7;182;1;
1718545254;6/16/2024 1:40:54 PM;15.7;20;87;1001.9;6;178;1;
1718545314;6/16/2024 1:41:54 PM;15.7;20.1;87;1001.8;6;175;0;
1718545374;6/16/2024 1:42:54 PM;15.7;20.2;87;1001.8;6;173;0;
1718545434;6/16/2024 1:43:54 PM;15.7;20.4;86;1001.8;6;172;0;
1718545494;6/16/2024 1:44:54 PM;15.6;20.5;87;1001.8;7;173;0;
1718545555;6/16/2024 1:45:55 PM;15.7;20.6;88;1001.8;7;166;0;
1718545615;6/16/2024 1:46:55 PM;15.7;20.8;88;1001.8;8;160;0;
1718545675;6/16/2024 1:47:55 PM;15.7;20.7;87;1001.8;8;162;0;
1718545735;6/16/2024 1:48:55 PM;15.6;20.7;88;1001.8;8;163;0;
1718545795;6/16/2024 1:49:55 PM;15.6;20.8;87;1001.8;9;163;0;
1718545855;6/16/2024 1:50:55 PM;15.6;20.8;89;1001.8;9;170;0;
1718545915;6/16/2024 1:51:55 PM;15.6;20.8;87;1001.8;9;172;0;
1718545975;6/16/2024 1:52:55 PM;15.5;20.8;87;1001.7;9;171;0;
1718546035;6/16/2024 1:53:55 PM;15.5;20.8;88;1001.8;10;172;0;
1718546095;6/16/2024 1:54:55 PM;15.6;20.7;88;1001.8;9;168;0;
1718546156;6/16/2024 1:55:56 PM;15.6;20.8;88;1001.8;8;167;0;
1718546216;6/16/2024 1:56:56 PM;15.6;20.8;89;1001.8;9;168;0;
1718546276;6/16/2024 1:57:56 PM;15.5;20.8;88;1001.8;8;167;0;
1718546336;6/16/2024 1:58:56 PM;15.5;20.8;89;1001.8;8;168;0;
1718546396;6/16/2024 1:59:56 PM;15.6;20.8;89;1001.7;8;171;0;
1718546456;6/16/2024 2:00:56 PM;15.6;20.8;89;1001.8;9;175;0;
1718546516;6/16/2024 2:01:56 PM;15.7;20.9;89;1001.8;8;175;0;
